total_rooms,total_bedrooms,population,households,median_income,housing_median_age,latitude,longitude,ocean_proximity,median_house_value
960.0,205.0,729.0,356,8.071555373648826,4.0,32.21021106726217,-124.36484812586261,ISLAND,181937
3872.0,,,828,1.2020722912057624,22.0,40.196095530658,-115.70486539128646,NEAR OCEAN,192245
3192.0,518.0,2739.0,553,2.6558283295860607,26.0,40.24853767487104,-124.350448410959,<1H OCEAN,239977
566.0,98.0,,317,0.1755236336662891,49.0,39.8774218830237,-122.0116938949998,NEAR OCEAN,219169
4526.0,898.0,1728.0,635,2.933086107805647,43.0,34.83364068891118,-123.85868022110557,<1H OCEAN,345515
3544.0,133.0,1901.0,57,7.731418739186715,36.0,40.37237218221818,-121.75035760054858,INLAND,285132
3271.0,410.0,2991.0,557,5.179605277125789,13.0,37.42998132605269,-124.00384585638987,ISLAND,454470
3019.0,738.0,961.0,525,3.480955931682881,32.0,35.73808108867002,-117.65196424182685,ISLAND,185090
230.0,197.0,1380.0,346,3.717392949063303,17.0,38.25329959704233,-123.53340502023167,INLAND,317336
1785.0,679.0,2280.0,213,0.013536257154681541,41.0,32.12341046060374,-115.62969481577224,NEAR OCEAN,314159
869.0,391.0,1899.0,534,2.9980052756523587,36.0,33.42960877600752,-116.01089844200695,NEAR OCEAN,420298
2491.0,525.0,1806.0,646,6.464587416379305,46.0,39.42293538170263,-124.8497214598233,NEAR BAY,249988
2533.0,112.0,2660.0,121,9.741944438163571,19.0,34.44161608716153,-115.14701008933375,<1H OCEAN,78343
1284.0,750.0,2460.0,616,8.470608269838994,35.0,37.9800911732875,-124.68161251582296,NEAR OCEAN,381450
4655.0,,675.0,608,0.23594964645529126,46.0,35.851026028230294,-122.36389636546687,INLAND,55829
3485.0,610.0,2103.0,287,8.985606046748394,40.0,40.54805778799262,-124.64371948446406,NEAR OCEAN,84381
4217.0,376.0,1407.0,153,7.83198413298626,28.0,41.52415305996644,-121.30572164256752,ISLAND,423595
4943.0,818.0,2056.0,259,7.803761235709804,1.0,40.8356472837019,-119.34746821715402,<1H OCEAN,262153
3004.0,785.0,2834.0,603,4.579957590035715,42.0,34.70619994693597,-116.23690644083348,NEAR BAY,330407
574.0,190.0,2120.0,877,3.980052929545028,18.0,33.941628690460824,-121.28220294483181,<1H OCEAN,284748
1182.0,264.0,2312.0,517,3.029157288331926,48.0,36.74434893620735,-117.23960972859571,ISLAND,496476
2658.0,484.0,2452.0,503,0.6569485895436578,40.0,32.0733415083618,-122.93745097169122,ISLAND,486522
2147.0,,1755.0,317,2.282353634936991,33.0,32.258093928631816,-116.74341697581461,ISLAND,370562
2847.0,772.0,1679.0,435,2.4660363497802464,12.0,37.532906396230004,-122.40403733499839,ISLAND,271970
1075.0,367.0,1947.0,824,4.840770697102016,8.0,37.20449404165286,-123.42100768461856,INLAND,50148
1906.0,81.0,2303.0,897,7.4744440659669396,24.0,41.945819890352595,-122.9605026458854,NEAR BAY,444970
289.0,719.0,1490.0,436,4.7380982839794665,16.0,34.01841835363758,-122.99730558229959,ISLAND,338889
2834.0,334.0,1842.0,308,0.5784444944716061,,34.58103929160468,-119.3585083268531,ISLAND,122914
3105.0,354.0,2025.0,332,9.57789800988204,38.0,33.135406423262864,-115.70722660693039,NEAR OCEAN,499049
4758.0,478.0,719.0,675,9.427243190941123,44.0,41.17543009653745,-124.12434415308243,NEAR BAY,463356
1999.0,526.0,1374.0,89,7.851895431484084,27.0,39.77811244458451,-117.22348049657235,<1H OCEAN,110653
1367.0,335.0,1056.0,535,9.913279015642205,,40.22339111456847,-117.80218894381856,NEAR BAY,273607
1628.0,193.0,2039.0,269,5.444823328002629,,41.027637879645084,-115.40228052987702,NEAR BAY,242593
3302.0,473.0,2481.0,178,9.627683502532062,16.0,37.248999867258384,-122.31437683442402,NEAR BAY,390459
3656.0,68.0,1068.0,569,0.7560504061675077,12.0,36.51193191450724,-120.04879155446467,ISLAND,343219
3990.0,67.0,,662,3.656807482613713,31.0,35.30391473665617,-114.81589888112131,ISLAND,473913
746.0,818.0,1416.0,737,2.253812680067658,24.0,37.892146143478556,-117.74007204851151,INLAND,497760
2988.0,639.0,,668,1.9583308413427003,14.0,36.542783967898224,-120.72354745852243,<1H OCEAN,59795
2535.0,420.0,381.0,662,1.4080294889267608,45.0,36.51565586605575,-123.55446378859205,NEAR OCEAN,114555
700.0,224.0,2944.0,309,6.224136415659967,25.0,41.36927863731139,-122.1126649130935,NEAR BAY,495420
2463.0,243.0,2266.0,415,7.813218557473051,34.0,41.8403151427913,-118.60662974761678,<1H OCEAN,285068
2161.0,551.0,1158.0,807,5.782983994203606,3.0,39.96484389329581,-117.10015257683435,<1H OCEAN,153107
341.0,,297.0,836,1.4696270958820967,24.0,39.56758090246928,-123.63135924462917,INLAND,363673
2141.0,163.0,2632.0,593,8.111237699334708,42.0,38.80558161779101,-118.40443013951541,NEAR OCEAN,454888
2924.0,271.0,1182.0,698,6.359547071637285,9.0,33.66074852333514,-118.94613593277374,NEAR BAY,497454
2712.0,,2984.0,573,3.881657061269955,26.0,32.59105820875654,-119.34649008640221,NEAR OCEAN,277650
1463.0,996.0,1284.0,863,6.74130295536063,20.0,38.90726315113263,-117.40864570549792,INLAND,217022
1578.0,880.0,1108.0,65,2.5990497924283282,40.0,39.287862222565764,-115.78805445408192,ISLAND,61009
2656.0,693.0,,178,3.451922084942105,10.0,32.4697299109814,-121.44711348505444,<1H OCEAN,228168
875.0,946.0,1329.0,624,9.174858431319903,19.0,41.28051750228848,-115.22086590877944,NEAR BAY,200616
4114.0,313.0,1135.0,158,2.905045056714204,3.0,32.91140639444678,-123.23303026119595,ISLAND,498944
134.0,974.0,589.0,582,4.699882681579366,24.0,34.85900533771203,-123.09673743273719,INLAND,79381
3252.0,104.0,375.0,719,8.901411373960146,5.0,38.72389812798704,-122.06550730013684,NEAR OCEAN,439913
2055.0,920.0,2840.0,318,7.077213502675274,3.0,33.69872594404476,-123.68516043498214,<1H OCEAN,468503
1685.0,692.0,2389.0,211,0.6220322616470275,27.0,32.55415888442244,-122.46648852848834,NEAR BAY,376754
4043.0,849.0,1339.0,309,1.4730304427897034,16.0,35.3114648916415,-123.8294706080687,ISLAND,118122
3173.0,827.0,1374.0,151,0.07841590771916818,49.0,39.65971574855179,-115.96072341316071,ISLAND,380328
1121.0,507.0,225.0,555,6.309217902291634,15.0,36.13678678985261,-123.47134108924713,<1H OCEAN,483297
3561.0,927.0,316.0,784,4.4767342541041835,35.0,38.52972921907939,-116.77972686684157,NEAR OCEAN,264709
2713.0,211.0,1308.0,620,1.3427485090227553,12.0,37.796190972281366,-124.47294745295333,INLAND,488528
3943.0,429.0,1346.0,296,9.579341210567705,41.0,32.222184820255805,-114.56627639734694,NEAR OCEAN,137228
1600.0,136.0,2642.0,689,5.296597239456199,44.0,41.885399870457064,-117.17723903719457,NEAR OCEAN,385087
4898.0,104.0,2574.0,844,2.418932941128892,26.0,32.41428088819388,-124.92523796555277,NEAR OCEAN,130770
261.0,525.0,1018.0,886,5.006035711547075,47.0,41.67802737648485,-116.59757849779764,<1H OCEAN,102726
4397.0,849.0,1417.0,586,6.796203327351078,34.0,37.49864178364398,-119.34509887157196,<1H OCEAN,465427
2081.0,227.0,2298.0,180,0.7623921797356448,23.0,41.63159027065066,-116.42698312631369,INLAND,472696
inf,440.0,2531.0,402,2.74703815047892,31.0,33.14753599413835,-119.25253510220352,NEAR OCEAN,359924
3442.0,398.0,1761.0,245,8.069654908839937,20.0,36.90408519185513,-117.9487265660111,<1H OCEAN,238210
4651.0,57.0,407.0,842,4.596648704026612,12.0,33.69504091866059,-116.35035179065456,INLAND,271454
3898.0,882.0,1459.0,715,5.465771420322949,23.0,32.50974877022443,-120.54381139953358,INLAND,354647
1375.0,362.0,2069.0,431,4.328160022094693,4.0,38.17529115062312,-124.97021035197503,NEAR OCEAN,370037
1116.0,808.0,,694,0.4389994264300512,23.0,34.07783420961692,-115.65058854460293,NEAR BAY,227265
437.0,884.0,,276,1.6574977982015593,48.0,37.87697018287546,-120.81020601112871,NEAR OCEAN,295074
978.0,492.0,474.0,750,4.455416387418909,48.0,33.123644819489854,-119.54353001381759,NEAR BAY,373502
1176.0,816.0,,525,2.0918546540792784,1.0,35.319864714327025,-124.91456693630634,INLAND,130857
4987.0,377.0,1464.0,526,0.49979028659678737,25.0,39.81632558053247,-119.58698788614892,<1H OCEAN,432601
4093.0,103.0,228.0,314,8.436496640518238,2.0,36.37051521842188,-114.14863858271097,ISLAND,465333
4959.0,810.0,1114.0,421,9.811925291641158,30.0,38.27745414897336,-121.93905573099353,INLAND,309405
479.0,288.0,1899.0,535,7.931428739967394,3.0,38.47457940745546,-120.65039902733385,<1H OCEAN,240128
592.0,278.0,2816.0,483,8.53784921704667,21.0,40.437550439872936,-117.44091003884456,INLAND,167928
2162.0,628.0,1481.0,695,2.419771303170454,25.0,35.24922794406641,-116.03726965723976,NEAR OCEAN,108706
3984.0,100.0,616.0,260,9.606269755131997,20.0,38.87295562582518,-120.4086921359329,NEAR BAY,452692
164.0,658.0,1618.0,621,1.9692570445342839,49.0,41.61615807046166,-121.59364242558578,INLAND,394950
2668.0,653.0,185.0,426,9.514298103618323,22.0,39.302433343578684,-114.68391620016426,<1H OCEAN,105006
2127.0,313.0,1298.0,444,9.94819293965951,21.0,36.89870476717745,-117.55140536661163,NEAR OCEAN,137238
2795.0,467.0,2458.0,499,7.117228057460487,33.0,38.30717444491929,-123.69076565057544,ISLAND,298018
1595.0,852.0,1242.0,413,9.81143731791822,38.0,39.39682897763108,-124.24179334051887,NEAR OCEAN,244227
491.0,145.0,2574.0,506,5.695397795671036,15.0,38.122757656938724,-119.68095164130594,NEAR BAY,357942
4614.0,137.0,2093.0,774,2.595417831760903,46.0,32.166758134898394,-122.57900927348,NEAR OCEAN,127271
4574.0,,2261.0,777,4.369958856656209,15.0,33.94773497687226,-122.20616771286122,ISLAND,342321
3661.0,337.0,402.0,275,5.93560935378786,46.0,40.10468217215466,-115.34538603289367,<1H OCEAN,440166
2378.0,169.0,2891.0,180,0.7308156202701499,,34.72650647312484,-124.01477373252058,INLAND,442300
3199.0,863.0,687.0,637,6.223432646172461,21.0,39.31562119561134,-117.13099473248221,NEAR BAY,394359
300.0,540.0,1086.0,525,9.811778367622946,24.0,35.721202152416986,-122.01743521281352,ISLAND,93013
4975.0,961.0,1963.0,847,1.9010764978372763,5.0,37.21884328157943,-116.63638956455449,NEAR BAY,132600
3204.0,501.0,444.0,326,7.925951162883833,6.0,32.679732998194034,-117.053474770901,NEAR OCEAN,408243
4698.0,549.0,913.0,205,9.078987937796194,49.0,33.8122556104971,-124.91868908411277,NEAR BAY,365594
2554.0,214.0,2087.0,809,9.437015928202207,,41.571969635192346,-119.3995104578624,ISLAND,491144
3745.0,231.0,2948.0,267,9.601356044054473,,40.90138053446914,-123.4674856938415,INLAND,434784
904.0,518.0,1410.0,239,5.214596387214719,44.0,38.522751108990505,-115.47150266363455,INLAND,404547
2831.0,959.0,2099.0,466,9.773079079915037,47.0,36.59644597385737,-115.41255528851353,NEAR BAY,488598
2873.0,,1777.0,724,7.573102071344389,23.0,38.75761292895224,-120.39819611756866,<1H OCEAN,149290
1670.0,872.0,1427.0,741,1.616714362369619,,38.18610289093939,-120.11164819703811,NEAR BAY,266110
2790.0,,1192.0,595,4.7690010646797,27.0,37.685522556046124,-121.6638876665502,NEAR OCEAN,181832
3940.0,56.0,2508.0,90,7.18331175372004,,32.591770718635416,-117.11733071143966,INLAND,74142
1128.0,379.0,1109.0,356,2.473403158190833,21.0,38.32802610661507,-121.05472500670895,INLAND,422333
602.0,824.0,803.0,387,6.406151835488874,28.0,39.689200445711684,-122.05428278025103,INLAND,419676
4593.0,722.0,674.0,363,6.666004790466192,35.0,41.94081654645576,-120.2454583454504,<1H OCEAN,460506
970.0,200.0,1708.0,124,1.6269974380856589,22.0,32.11078552594309,-123.99363729773795,<1H OCEAN,181436
4588.0,134.0,1212.0,328,5.650853124527563,40.0,39.30173453310677,-116.78736474891376,ISLAND,369065
306.0,196.0,787.0,225,7.716269109786077,23.0,37.717893159359804,-124.86143958601035,NEAR BAY,331941
1584.0,673.0,2928.0,711,4.988956645359419,3.0,36.340521760809565,-117.91066432327347,NEAR BAY,287403
963.0,430.0,2732.0,322,0.12103116776107425,40.0,33.27570174571371,-122.98849020569641,NEAR OCEAN,82535
2890.0,964.0,2736.0,886,0.09038469079292177,10.0,36.09085148634876,-122.44355549164146,INLAND,358444
663.0,597.0,588.0,669,3.570293439700122,25.0,35.543771829861356,-118.00804801495956,<1H OCEAN,359320
4291.0,334.0,1447.0,700,9.26194068431782,49.0,35.02829888978742,-114.07762187638802,NEAR OCEAN,66105
1857.0,749.0,593.0,832,2.286767796036088,8.0,39.308796233222076,-116.44510762020194,NEAR OCEAN,189011
1778.0,131.0,1767.0,338,6.343636888716872,11.0,39.00725521284264,-122.51576404554268,<1H OCEAN,129472
3342.0,563.0,1737.0,773,2.2207587069332058,5.0,37.89020090980912,-123.06372769454752,NEAR BAY,223101
4736.0,946.0,118.0,321,3.216699896595486,45.0,41.38664813293372,-115.47143842705563,INLAND,196935
1159.0,864.0,2544.0,115,8.48042089601484,37.0,35.49854384180854,-120.11397657286345,NEAR BAY,128097
1822.0,758.0,,532,7.288614422699469,45.0,34.438019377101796,-123.4924191688903,NEAR OCEAN,311674
3414.0,965.0,950.0,297,0.9539927731321063,38.0,38.559033130984,-115.51567434345868,INLAND,191519
3257.0,572.0,1488.0,205,4.287020209864336,29.0,33.98814060937403,-116.02298411794312,ISLAND,146160
2725.0,795.0,1454.0,96,0.2916976364526447,5.0,35.15010507183425,-114.1770299971312,NEAR OCEAN,96940
2829.0,435.0,1467.0,503,4.80890146603009,9.0,34.24602440074885,-114.99281944616048,NEAR BAY,259019
1697.0,756.0,921.0,250,6.62434011701068,,32.691535677185016,-115.63030627473404,NEAR BAY,135001
3160.0,520.0,554.0,709,1.1850262359815156,2.0,40.27498741635674,-124.42168162407897,NEAR BAY,284824
inf,168.0,1724.0,173,2.8888493890916567,1.0,34.545405429216615,-123.8514309355207,<1H OCEAN,200714
4991.0,445.0,2872.0,50,3.9783662550215695,40.0,36.7302750334302,-118.74118486265465,NEAR OCEAN,277870
3727.0,581.0,810.0,808,9.195310246560497,30.0,32.43315273254312,-119.15372829089998,INLAND,276971
1463.0,310.0,2290.0,689,9.93255015422964,11.0,38.99339466252643,-119.9624046406151,NEAR BAY,248715
2081.0,854.0,1016.0,240,0.44911298995615856,28.0,35.30561002306291,-120.63531742043958,NEAR BAY,57928
1763.0,983.0,2975.0,628,7.61007923495392,44.0,39.4473672782921,-120.25668466649238,<1H OCEAN,98002
1629.0,305.0,2752.0,565,3.717240664023432,12.0,36.12403060467866,-118.73772272451725,INLAND,396997
2138.0,783.0,1596.0,491,3.9245818622948003,39.0,33.95755606405625,-124.9771583063991,NEAR OCEAN,164614
3402.0,954.0,1540.0,864,7.542649733470227,26.0,37.13175082282036,-122.13220348453862,ISLAND,167517
2337.0,275.0,404.0,855,9.184264321454087,13.0,33.3050455963744,-119.29892307242417,<1H OCEAN,206089
1406.0,102.0,835.0,192,9.509285945025484,8.0,36.40539159872995,-117.05562291458989,NEAR OCEAN,129064
4129.0,989.0,2438.0,240,5.771225860383208,,35.173054774204864,-123.08427638365065,ISLAND,431838
2775.0,916.0,2063.0,582,3.571211593005028,30.0,41.11959584199633,-118.98430708833824,NEAR BAY,456529
1382.0,549.0,2249.0,276,7.875490858587792,9.0,32.609287217207196,-117.1409434772564,NEAR BAY,444775
809.0,555.0,2109.0,362,2.5100138326230024,39.0,38.94017414105742,-120.10909576294705,INLAND,100893
4844.0,903.0,2989.0,678,5.640740288335177,31.0,33.82751165987436,-124.70210752962944,ISLAND,327311
4513.0,413.0,1061.0,351,3.5857846152487314,21.0,35.1904507433224,-120.05805025687799,NEAR BAY,88598
3848.0,329.0,,703,6.566310737078761,47.0,36.15514063062066,-121.73910623481432,NEAR BAY,188595
4879.0,,2232.0,509,2.403989128935069,34.0,41.080150893749746,-114.77385431528539,INLAND,361921
763.0,763.0,,450,1.9159294573482577,31.0,34.42578266073825,-123.6292527575384,NEAR OCEAN,471655
2098.0,207.0,2963.0,600,9.182390866754371,25.0,32.913088025446704,-117.82276448942045,NEAR BAY,428522
3545.0,681.0,1573.0,442,1.018036829495369,12.0,35.186896039905236,-124.42008257032049,<1H OCEAN,131060
3843.0,108.0,2601.0,813,5.059579077349317,1.0,33.046759705355335,-120.09212518406034,<1H OCEAN,325429
1595.0,776.0,,894,2.208527829630089,22.0,33.28596485960553,-118.90622564057911,NEAR OCEAN,454189
3404.0,177.0,2776.0,256,0.3892996332566745,,37.738505979750265,-121.72249575551447,ISLAND,435114
3863.0,785.0,,259,0.3601881829142639,37.0,32.60901933099493,-119.99416800927577,INLAND,72694
1953.0,770.0,764.0,164,1.7522177210582734,47.0,32.30930881393566,-123.20090826016794,<1H OCEAN,478990
4759.0,931.0,111.0,786,8.667703545060002,1.0,39.14414101470498,-121.6546376558516,<1H OCEAN,447518
1391.0,164.0,1256.0,695,2.8247874397702666,1.0,35.616470948410445,-118.16783042598777,NEAR OCEAN,311401
3681.0,258.0,403.0,300,9.504591705752958,42.0,33.25375349233873,-121.68019938552729,ISLAND,296848
3557.0,575.0,1863.0,268,5.816222929891936,42.0,34.536127708597085,-115.1028261375024,ISLAND,203463
1736.0,570.0,2930.0,456,4.366141897687661,21.0,38.42086507352399,-118.08752346594912,NEAR OCEAN,316755
3796.0,,142.0,492,5.800888346694546,15.0,34.75536567140851,-120.17486079720418,<1H OCEAN,59372
3099.0,286.0,1043.0,652,5.166983852262677,17.0,36.94521125120408,-124.573673708904,INLAND,205384
3252.0,330.0,2490.0,403,7.587762537573251,22.0,33.21695306726672,-119.50496831274862,<1H OCEAN,195152
798.0,408.0,1449.0,607,2.8249606597285224,38.0,37.88093637605447,-116.58746133662402,ISLAND,392762
2260.0,250.0,2645.0,599,3.530503916003024,35.0,35.16077683843264,-122.07886642186345,<1H OCEAN,162945
4197.0,807.0,2511.0,191,8.940943025332507,45.0,38.26968434528717,-116.12549073386356,INLAND,420541
4837.0,327.0,990.0,661,9.464565131504054,16.0,40.08394882304023,-122.2301255734403,NEAR BAY,146213
954.0,284.0,2574.0,550,8.925582274864745,8.0,38.11646419389992,-115.9387897325412,<1H OCEAN,70874
3574.0,543.0,1104.0,889,4.194479939573136,,34.95747562595021,-124.06204824227154,NEAR OCEAN,254986
1807.0,53.0,120.0,751,7.803655030068817,17.0,34.557437015483,-115.47197920244068,NEAR BAY,444813
2877.0,715.0,506.0,596,4.763357333010988,17.0,35.27420958733448,-119.50894903973337,NEAR OCEAN,61600
1833.0,491.0,2766.0,708,4.975398521461022,26.0,33.64620513236505,-121.73808651417711,NEAR OCEAN,446963
3610.0,78.0,1114.0,591,2.0468010905728393,13.0,33.8117185085002,-122.08375424543337,NEAR OCEAN,391559
302.0,158.0,435.0,895,5.911303032585165,17.0,39.90691101900168,-120.247883851766,<1H OCEAN,298430
3355.0,659.0,1938.0,556,1.8613589775334793,38.0,35.84732576507445,-114.0104555208599,ISLAND,205887
4318.0,776.0,1247.0,645,3.3156469906719375,17.0,36.35995180570586,-122.5763986721866,NEAR BAY,265572
4596.0,854.0,2546.0,330,8.550302016199351,48.0,37.94049465566811,-123.864616862331,INLAND,144348
866.0,124.0,2940.0,473,2.0707580921085524,14.0,37.89653495151548,-118.56461314409472,ISLAND,155736
4489.0,887.0,1927.0,319,0.7115828517343281,45.0,32.67376871521926,-119.62603286915717,<1H OCEAN,336858
2427.0,195.0,814.0,203,0.690075926128163,6.0,40.315407863376656,-119.23384101830362,NEAR OCEAN,462106
3031.0,177.0,150.0,663,9.407845205031078,35.0,33.77326553223939,-117.6637104068706,INLAND,185797
297.0,902.0,,776,5.069204379618347,46.0,39.230716360496686,-122.06141523142286,NEAR BAY,486421
2030.0,91.0,888.0,711,4.094120718170183,14.0,39.726709881281664,-114.98268505077723,ISLAND,201756
3682.0,405.0,240.0,132,8.108785810079183,47.0,39.14899534091314,-120.20760727265481,ISLAND,161573
708.0,,569.0,671,8.35825927910516,8.0,37.78977646554145,-123.58005185343292,INLAND,325236
3372.0,983.0,886.0,475,3.321910331156046,15.0,32.14608997108883,-116.83471367592661,<1H OCEAN,408062
1247.0,83.0,1925.0,324,6.936180574737953,27.0,35.603754923631705,-117.92585212120365,NEAR BAY,482986
4382.0,66.0,1457.0,762,7.711228158518866,13.0,38.04839429362581,-121.5268225726756,INLAND,75457
3497.0,726.0,2016.0,333,6.546506868659545,,35.874512959225385,-118.16329403562547,NEAR OCEAN,383811
2611.0,202.0,1063.0,222,1.5159507480009937,,40.63479894912813,-122.58151847994125,NEAR BAY,402895
1894.0,427.0,472.0,376,8.75883083517057,35.0,35.088022753496155,-120.10676704725418,ISLAND,112894
759.0,637.0,2641.0,767,5.390945527360087,6.0,34.9353479245866,-115.10646225615942,INLAND,111305
2911.0,,1792.0,112,2.8247242637000367,5.0,34.65997693092658,-123.53112343523176,ISLAND,193684
1469.0,678.0,2898.0,122,4.252281854376939,22.0,35.327808689607956,-120.74633905013792,ISLAND,283913
2086.0,923.0,1279.0,812,0.3757109039890738,49.0,37.57404964314187,-115.96743332807618,ISLAND,259699
246.0,391.0,2438.0,685,1.2786680122241756,23.0,39.07015294272591,-114.33560010653204,<1H OCEAN,480305
3319.0,76.0,1771.0,424,7.655467505158608,25.0,38.62567917738785,-120.00681249936025,ISLAND,364281
3011.0,874.0,205.0,682,0.00011634755366141114,34.0,40.077178199814796,-119.42300417842318,NEAR OCEAN,50559
1834.0,336.0,1543.0,557,4.165658284822921,26.0,40.85913995497425,-118.70610842037853,NEAR OCEAN,378393
1943.0,695.0,2817.0,836,5.225101810855884,47.0,40.16079042343351,-114.74417044202919,NEAR BAY,87361
588.0,780.0,1781.0,447,0.546344200009723,5.0,32.189454033743544,-115.55972529925268,ISLAND,392864
3076.0,217.0,101.0,169,9.730781629723328,26.0,39.359179535519885,-123.12338762916191,ISLAND,327405
2059.0,659.0,2736.0,486,2.261253312496719,20.0,34.08399573618332,-120.19566400368217,INLAND,332516
2485.0,317.0,2791.0,878,3.0419871963628085,6.0,33.32928042707982,-119.8959952898393,<1H OCEAN,367499
3019.0,798.0,2237.0,725,3.0394251225502735,6.0,38.38488784799136,-116.31994277186368,NEAR BAY,278748
4836.0,870.0,,514,2.304166621173499,18.0,35.19743195407695,-118.36817829134021,ISLAND,410704
1902.0,504.0,1386.0,335,0.01473822086311416,4.0,32.57117163370443,-117.80357491768086,INLAND,238992
4161.0,955.0,1162.0,314,7.293447940879964,17.0,33.376297343983616,-114.01980101567821,<1H OCEAN,293950
3469.0,,,369,9.668454997992853,14.0,32.00929416869961,-124.17543952182986,NEAR BAY,475760
362.0,450.0,2459.0,722,2.242934832850451,14.0,41.03223627344707,-122.54689194112893,NEAR BAY,50037
723.0,971.0,544.0,425,6.630471918034225,13.0,32.24617983841239,-120.51314468891299,ISLAND,224104
1116.0,525.0,2445.0,869,7.418963269587151,7.0,34.09455769509511,-121.17439356646224,NEAR BAY,353564
3743.0,751.0,1051.0,138,8.484253790905248,44.0,36.16262780687907,-124.76189882518318,INLAND,147243
2149.0,683.0,135.0,703,4.226291970136091,15.0,35.56571325950819,-123.99044632881707,NEAR BAY,179380
3823.0,607.0,1207.0,252,3.0293090564042924,19.0,41.11725876912776,-117.50951379456066,NEAR OCEAN,308430
4648.0,625.0,1575.0,870,3.252951340230311,43.0,32.402889457345424,-115.32743090301183,INLAND,84600
3208.0,179.0,1898.0,788,7.126213330985128,47.0,37.12214707677052,-119.34350287607424,<1H OCEAN,229357
4190.0,871.0,1945.0,383,8.16779466505636,44.0,38.80479462524374,-119.06889812535003,<1H OCEAN,243080
2156.0,412.0,,271,1.8161396775660266,35.0,41.31697973681169,-122.19397223884383,ISLAND,401664
3270.0,754.0,1295.0,90,3.7094100815776523,17.0,38.20371252123721,-116.55336000002917,ISLAND,317311
1782.0,868.0,1499.0,757,9.0194019674915,35.0,40.03755236011763,-116.73025953896018,NEAR OCEAN,307351
2355.0,742.0,1808.0,117,8.066935196947393,19.0,32.837249378453485,-118.52797741860577,<1H OCEAN,50432
1254.0,,1485.0,825,9.848584027624758,20.0,35.859395109369274,-122.66069284837523,<1H OCEAN,311550
4599.0,,2706.0,563,7.542482596820808,36.0,35.73947134479067,-123.93279959939201,<1H OCEAN,119687
3291.0,843.0,2288.0,686,3.9319520102792227,,40.86288216455718,-124.29337566557162,<1H OCEAN,294288
1796.0,78.0,1400.0,671,5.906378339946378,,33.51371171263275,-118.48034326692834,NEAR BAY,384091
4091.0,198.0,2873.0,647,6.610142542473203,48.0,33.5188617233663,-115.9246114894292,INLAND,408468
4823.0,828.0,1343.0,681,0.7845581631712395,44.0,35.28558149885799,-115.55836525040982,INLAND,363047
4782.0,345.0,620.0,176,5.444969591038651,40.0,32.54466047366837,-119.90015718222205,NEAR OCEAN,235221
1748.0,60.0,1906.0,304,7.093208284726096,24.0,33.8245804065249,-116.37301570762611,NEAR BAY,268712
1545.0,561.0,109.0,744,1.6732130400106038,17.0,41.652096385457355,-114.58431784024874,<1H OCEAN,237840
4299.0,725.0,1083.0,65,7.806317174255572,7.0,36.28183939867173,-121.97312876263125,<1H OCEAN,377936
4023.0,162.0,2525.0,526,5.8377278051411166,43.0,38.32019208422437,-120.62243618981167,ISLAND,345583
353.0,236.0,1756.0,111,9.522217856975946,1.0,39.26111259344637,-114.75373108143651,ISLAND,214329
3283.0,856.0,1760.0,481,0.42422298206891695,35.0,35.66961407007201,-121.27945935950987,NEAR OCEAN,225746
2657.0,793.0,2829.0,719,2.6532613755546697,32.0,33.47227074410517,-114.94736080646024,<1H OCEAN,363392
198.0,276.0,2731.0,317,6.015538792998241,36.0,34.06581016221781,-114.20850651520088,NEAR OCEAN,226443
2300.0,359.0,2299.0,84,2.9655991220593068,13.0,35.132664765806105,-117.72008198568133,NEAR BAY,279354
3061.0,147.0,819.0,828,7.144241640712422,6.0,38.360684203522254,-116.01420681545414,INLAND,218369
4533.0,104.0,1172.0,625,7.59005282521931,14.0,35.98280549089054,-116.75499879356806,<1H OCEAN,497489
3877.0,672.0,958.0,543,1.0251596406647445,37.0,32.068146979001284,-117.30512316622924,NEAR BAY,84743
2969.0,713.0,1416.0,611,5.138544642067677,48.0,37.23407185067472,-121.62375819720644,<1H OCEAN,249824
3334.0,807.0,1703.0,518,5.088905555910559,,41.21513391907418,-124.37196228301262,ISLAND,129803
3891.0,455.0,149.0,816,3.6928077021554104,47.0,40.120776110086794,-121.22643094228384,NEAR OCEAN,387261
1056.0,118.0,2811.0,710,9.32924862569672,4.0,40.25211371259631,-117.66370416275703,ISLAND,251123
4167.0,361.0,2678.0,374,8.275063198732212,40.0,39.95058017606131,-123.87217881949418,INLAND,72076
260.0,338.0,245.0,353,6.972093819096368,16.0,35.237308256104235,-124.86890218723934,ISLAND,291424
4593.0,811.0,1014.0,325,7.143266357349976,28.0,39.65193833754392,-123.46338390136768,<1H OCEAN,256384
1400.0,597.0,1562.0,733,4.617161438131191,16.0,33.43161357811193,-117.12690480948125,ISLAND,300699
4087.0,800.0,2389.0,250,9.209945210965758,,38.577161472759535,-114.29926928177912,<1H OCEAN,399627
1627.0,197.0,680.0,494,6.945954272532854,45.0,38.415685666849946,-114.18628830423697,INLAND,184035
1318.0,516.0,2834.0,373,7.289810616558165,26.0,32.255697990897346,-119.56622935945794,ISLAND,431361
4596.0,788.0,1684.0,84,8.616909037873452,28.0,39.87970133590932,-115.43712468908419,NEAR OCEAN,194938
4835.0,293.0,582.0,531,2.74071589342191,32.0,41.032481050951304,-116.89490898673345,NEAR OCEAN,416648
3204.0,540.0,1349.0,777,8.07070903866703,45.0,34.67415278472107,-119.48855739316936,NEAR OCEAN,213377
2835.0,898.0,772.0,529,1.9524060295649204,2.0,40.12390724186151,-118.69963413749404,ISLAND,263968
4655.0,,730.0,114,3.453419522448878,31.0,32.82405971861948,-123.49050138721442,ISLAND,417793
1054.0,414.0,2808.0,57,3.356104542698427,3.0,37.99967858261066,-114.68572393321749,ISLAND,438388
4665.0,531.0,761.0,350,9.785254683891406,8.0,36.85646865334277,-121.12877252195045,<1H OCEAN,344957
3546.0,250.0,2952.0,392,8.565372237479268,,37.45923533309,-120.09235817897114,INLAND,378873
1145.0,203.0,2566.0,480,7.011698615902597,15.0,41.26205201884345,-117.61173745902312,NEAR OCEAN,316656
1793.0,499.0,1087.0,473,7.270567616153901,43.0,40.713152472468536,-121.3270728132079,<1H OCEAN,300703
3536.0,550.0,1646.0,381,5.6207279440257105,31.0,39.85083657239757,-122.20314922912176,NEAR OCEAN,465882
662.0,122.0,749.0,487,9.47090667108519,9.0,34.73698457678371,-118.05845667402757,<1H OCEAN,197702
2585.0,762.0,1068.0,637,4.962587528823615,39.0,41.11818628686092,-124.72517509489965,ISLAND,167907
3454.0,345.0,2737.0,223,3.8051770986989455,45.0,32.97507692463875,-117.07202376770653,NEAR OCEAN,255591
325.0,66.0,1200.0,608,1.63035336931591,2.0,40.53329216558788,-119.34574293135839,ISLAND,443852
4993.0,690.0,2656.0,576,7.86205652261058,8.0,35.28160072353608,-118.33670896426972,NEAR OCEAN,446991
1059.0,266.0,540.0,708,7.344439320755915,7.0,32.53772311661984,-118.04931824828427,NEAR BAY,114591
4648.0,,1020.0,75,3.8435503852413486,44.0,38.693569842407484,-119.2024482785818,<1H OCEAN,259633
3167.0,988.0,869.0,869,0.2519341395922936,39.0,34.312799283159556,-118.5921284481519,NEAR BAY,283559
915.0,665.0,1443.0,654,8.389973277180108,42.0,34.43571125864632,-117.47832979021138,<1H OCEAN,323495
4854.0,91.0,1926.0,455,0.11417983454073632,16.0,35.06047166228772,-116.71569268102358,INLAND,427544
4742.0,74.0,362.0,281,7.0369977962905095,35.0,32.636847675025166,-116.99802369585268,NEAR OCEAN,170533
3220.0,88.0,1677.0,582,9.70257109726057,30.0,33.77127144198254,-115.43421896494512,INLAND,153627
116.0,852.0,2784.0,868,4.376613281482035,10.0,32.0513962758556,-122.91612223515857,INLAND,498400
1343.0,180.0,2606.0,599,2.349734049959528,38.0,36.45409521105787,-120.58737233559023,<1H OCEAN,178381
2305.0,547.0,1098.0,837,7.0487101004338175,18.0,32.84255377417971,-114.57424327384098,NEAR BAY,292264
2624.0,278.0,799.0,554,8.171281420155852,5.0,38.82652605044199,-120.63750368175037,ISLAND,407851
1169.0,157.0,2449.0,718,5.464303160778473,29.0,34.356228511916484,-123.62642915403485,<1H OCEAN,393822
3544.0,221.0,1703.0,228,9.670352752561461,,41.43574144035177,-119.22010361001603,ISLAND,123309
2665.0,484.0,1341.0,181,0.516687216579611,34.0,40.71251627398652,-123.79559930190092,INLAND,275074
1160.0,527.0,1225.0,872,5.047955983045282,43.0,34.89440894968208,-122.76861437399349,ISLAND,322922
2427.0,151.0,2701.0,504,7.184539473225501,45.0,39.832154546566784,-114.01849367771948,NEAR BAY,193573
3520.0,915.0,2435.0,397,8.626404711491789,23.0,40.03244904664806,-119.04501097764255,<1H OCEAN,424857
401.0,573.0,1290.0,589,1.7925561190779005,5.0,41.86563114114411,-121.87535772055529,NEAR BAY,445324
4376.0,324.0,2768.0,821,8.000034817636815,30.0,37.97839986845685,-114.05747549968703,NEAR BAY,86382
706.0,662.0,1105.0,455,5.527070757185452,6.0,32.81965734643662,-114.36785189589342,<1H OCEAN,272426
3270.0,93.0,135.0,125,3.965536819899632,46.0,38.46837228926381,-120.1518705480731,NEAR BAY,387931
799.0,866.0,843.0,628,1.3171502857909356,44.0,38.249797483760354,-122.13556580333301,NEAR OCEAN,73341
1239.0,66.0,1864.0,541,8.652957589089125,4.0,38.383505774204316,-115.77760398098592,NEAR OCEAN,195439
290.0,379.0,452.0,243,1.5727320817971535,,35.07145648104211,-117.12817211331036,NEAR OCEAN,432111
2400.0,618.0,2022.0,211,3.0978785920909924,23.0,40.59679585080333,-117.44364421496138,ISLAND,276280
1080.0,872.0,172.0,396,2.9004553196243688,6.0,41.59472182955412,-115.1757488454528,NEAR BAY,181066
3075.0,546.0,2795.0,410,8.714140341908543,32.0,34.177125129781516,-117.41641152741543,<1H OCEAN,250940
1284.0,864.0,1476.0,818,6.72702994208898,42.0,32.88152158136644,-121.87822262654296,<1H OCEAN,455218
3427.0,61.0,2014.0,633,7.966813971913723,18.0,33.94535033168484,-117.36750521936695,ISLAND,309252
3494.0,367.0,1193.0,136,2.50467898792499,15.0,40.20552139255719,-121.6360513758797,<1H OCEAN,135820
227.0,641.0,2572.0,311,6.248740996069989,40.0,38.76644634819847,-116.64837122377305,NEAR OCEAN,109949
2165.0,265.0,807.0,263,5.717459831437487,32.0,38.36047342339127,-118.18277360059277,NEAR BAY,458916
1916.0,388.0,1904.0,714,8.32830376788271,9.0,36.01793135109425,-124.14847292816775,<1H OCEAN,260377
669.0,825.0,2708.0,771,9.060870604812605,37.0,37.77827971511436,-119.35881101321344,<1H OCEAN,112543
1995.0,710.0,2975.0,622,0.12156771477386807,10.0,35.078741252743676,-121.22368933884685,INLAND,472534
2833.0,130.0,1055.0,829,6.740199190587926,20.0,36.77200079417961,-121.38572303994476,INLAND,339754
3963.0,776.0,2664.0,311,0.5183579911972902,6.0,39.93063028370656,-118.37518067385017,INLAND,311878
4821.0,534.0,2575.0,779,5.488586650773559,48.0,41.812415974554625,-121.45442693083632,NEAR BAY,254446
4114.0,423.0,259.0,332,2.876327290436782,3.0,41.32488923589802,-116.4541687697464,NEAR OCEAN,377370
3001.0,759.0,2296.0,697,3.067765995221412,42.0,41.33865942846249,-124.22129420387708,NEAR OCEAN,357311
1786.0,,2923.0,516,3.5295850345235658,11.0,36.02223734847112,-117.73572922364592,NEAR OCEAN,258851
3109.0,586.0,1835.0,429,6.212924490496102,43.0,36.68789880506791,-116.09885715977585,NEAR BAY,209011
254.0,515.0,1685.0,411,3.340499656687692,17.0,39.056353963689816,-117.59885141087527,NEAR BAY,117381
2637.0,138.0,166.0,498,7.326990505902804,32.0,41.22191928051284,-119.53047885478004,INLAND,358854
1509.0,317.0,2528.0,490,4.045273855738697,4.0,33.419942593520844,-114.546622848902,<1H OCEAN,328910
4157.0,704.0,157.0,142,0.6835320030995862,4.0,35.042418638271954,-121.7006766122213,ISLAND,152416
884.0,,441.0,670,7.837598424841072,17.0,33.3924684459411,-124.78915323722525,ISLAND,62780
3275.0,971.0,,802,2.85758324592706,41.0,38.12008529959455,-120.24811691390215,<1H OCEAN,98458
4441.0,538.0,2874.0,473,4.3276687959926265,19.0,35.06300996887538,-124.6368687050964,INLAND,368365
2906.0,926.0,1295.0,191,6.8544388322190155,5.0,35.26107852512573,-114.5066957222095,<1H OCEAN,313653
637.0,587.0,2917.0,340,3.32456157148712,32.0,32.70915959487979,-122.69090149677143,<1H OCEAN,401637
1941.0,96.0,2761.0,481,0.5658565614671562,22.0,35.49796061807592,-116.32180273656232,ISLAND,477562
2555.0,337.0,1332.0,798,3.739210470128136,6.0,40.624965074015854,-116.47970708508198,INLAND,428994
624.0,827.0,2501.0,873,9.444485826943033,35.0,34.33072811890835,-122.60498210348773,NEAR BAY,227946
3050.0,65.0,1594.0,738,6.417343972985582,22.0,38.95187466210066,-118.16650816471815,ISLAND,469364
4231.0,760.0,1921.0,702,6.71479148667207,1.0,38.296283449385925,-124.47113134664905,NEAR BAY,81533
4880.0,450.0,215.0,750,6.322821536376399,20.0,40.63484608369115,-119.68067955725746,INLAND,420288
4215.0,968.0,761.0,98,1.989921389594368,22.0,33.32287947651038,-124.83888160000265,<1H OCEAN,434546
2468.0,843.0,1565.0,351,4.183338641022801,48.0,41.77589960345043,-114.86741731801074,NEAR OCEAN,390611
3947.0,135.0,2600.0,239,7.509397983633183,11.0,37.82628646040366,-114.26305373380471,NEAR OCEAN,313503
4595.0,299.0,1968.0,185,1.0137289755315915,13.0,41.954741523468144,-122.55488956697556,INLAND,169119
2801.0,440.0,2434.0,604,2.7785277608971226,42.0,41.11514725865851,-122.7108336194399,NEAR OCEAN,271140
1071.0,831.0,1116.0,453,2.763191084658536,3.0,34.215172721131054,-116.70907805781657,NEAR BAY,332488
1266.0,384.0,410.0,651,4.32018927594506,9.0,32.56162009903313,-122.21282661287732,NEAR OCEAN,430643
2874.0,678.0,307.0,856,9.803687409421851,12.0,34.556390937953616,-115.1541578492197,INLAND,381922
2082.0,568.0,2765.0,390,0.6750254668382194,23.0,37.2756364899942,-118.6867795026472,INLAND,332745
953.0,186.0,2593.0,806,5.1870099438059505,14.0,33.7159636706519,-121.14144614688657,NEAR BAY,295840
4246.0,932.0,2817.0,753,1.7936468201221045,33.0,33.674597445179884,-115.84036879015638,NEAR OCEAN,462332
3836.0,737.0,732.0,367,9.706765454097441,18.0,36.625935471051534,-119.57252629545265,NEAR OCEAN,238057
3869.0,889.0,,667,1.133035047274642,49.0,32.33267971169359,-114.97203794920677,<1H OCEAN,413157
674.0,547.0,756.0,412,4.036010023615912,41.0,33.21888082532271,-114.79184339597681,ISLAND,298182
3361.0,876.0,1523.0,871,7.378849848346062,9.0,36.158613394079474,-123.1803783265875,INLAND,342926
1248.0,776.0,2031.0,431,7.045544280274453,23.0,32.631299092079665,-124.97444253254876,<1H OCEAN,161095
1815.0,526.0,2662.0,282,4.227286368939323,10.0,35.967550564555296,-114.17675965843358,INLAND,493035
4877.0,643.0,1779.0,826,3.4652416795271823,19.0,36.74006265948445,-115.03248710259773,<1H OCEAN,409267
3954.0,272.0,336.0,393,3.9761237855287055,,36.51266614073114,-124.39010240725774,ISLAND,356602
2591.0,421.0,447.0,598,2.642762631586393,5.0,40.691748574030875,-115.83662309664822,<1H OCEAN,436369
2760.0,984.0,2774.0,866,2.053329387067998,47.0,37.30062455051733,-119.96414574184872,INLAND,189152
3224.0,,729.0,602,4.8303969755889,23.0,36.67980462478043,-122.15142234472528,NEAR OCEAN,215029
3151.0,492.0,1640.0,578,2.685337560676073,30.0,36.107092453916664,-115.33378823955377,INLAND,457124
104.0,539.0,2103.0,838,2.874616648972501,25.0,40.176233783044864,-122.83666044370662,NEAR BAY,408332
4969.0,,1371.0,868,6.56756063474557,28.0,40.950566039998336,-114.57970000637927,NEAR BAY,276952
976.0,322.0,463.0,620,9.685373316998922,34.0,40.53242469197117,-122.73816363530725,NEAR BAY,171292
1091.0,575.0,2468.0,232,6.036372005593751,45.0,38.735465781313906,-118.24948493498383,NEAR BAY,140570
4242.0,208.0,385.0,90,0.7697946706496628,48.0,33.37361745968674,-122.54605032018128,ISLAND,173791
4464.0,201.0,248.0,600,0.7558361385406698,47.0,34.76869969492012,-118.99764468534502,NEAR OCEAN,490698
4565.0,669.0,1207.0,446,9.51423220845566,25.0,32.46063063681977,-117.47627357093344,NEAR OCEAN,437435
735.0,237.0,2553.0,753,2.9729079030733363,10.0,41.308240749901145,-122.90749276097849,INLAND,410519
1793.0,862.0,,828,0.9206698608247543,14.0,38.607985296909106,-119.27025639029253,<1H OCEAN,88314
1782.0,147.0,1866.0,543,5.990445871503816,42.0,39.46362884313241,-119.8403428117087,INLAND,282061
4852.0,180.0,899.0,708,6.236487782902661,46.0,35.11571739582229,-124.21858836456325,INLAND,255993
219.0,854.0,1284.0,382,6.485048201186881,30.0,40.456535222773425,-115.99861400557167,INLAND,421024
930.0,220.0,1112.0,176,2.674020278575413,,34.596032837084785,-121.30749359292874,INLAND,412470
3775.0,985.0,,607,0.15110684214475034,25.0,32.0164375711245,-118.67959582692933,NEAR OCEAN,196903
1469.0,232.0,2607.0,606,9.650153694544718,14.0,35.76414962520694,-119.33737341573553,<1H OCEAN,433170
840.0,413.0,1623.0,50,2.508930456911025,35.0,37.70761480959074,-119.35413444972514,INLAND,463341
216.0,88.0,2885.0,217,6.760262880525475,48.0,36.78704857965523,-123.82055366370663,NEAR OCEAN,374595
inf,576.0,2656.0,669,7.0662986987870955,34.0,40.62076142576597,-120.34169789825734,INLAND,95708
1250.0,937.0,580.0,68,6.100074170794857,10.0,33.05405285956167,-120.02396564872772,NEAR BAY,329826
2031.0,546.0,1786.0,381,3.129073942136482,35.0,37.53823440633725,-116.92992875599107,INLAND,414550
1112.0,565.0,2261.0,633,2.7109625376406576,11.0,37.129793498209075,-115.75979284887232,INLAND,216866
1764.0,398.0,2896.0,505,5.976682827027031,11.0,34.81392982172163,-119.0051949408998,ISLAND,371516
1181.0,970.0,1701.0,158,8.660956336116914,21.0,40.22228112577011,-124.0453875052851,NEAR BAY,89477
4829.0,,2508.0,317,9.467337289233956,21.0,39.52848655882207,-122.39465582343799,<1H OCEAN,497079
612.0,771.0,440.0,494,1.0590580440375763,22.0,39.32859187331831,-123.18572570461995,INLAND,219809
2949.0,210.0,2917.0,289,1.5482861259771985,45.0,40.76192478269556,-123.62923430491963,<1H OCEAN,183692
659.0,65.0,2110.0,350,9.447362587830796,7.0,39.22784600621521,-120.97510771520412,NEAR BAY,284241
3772.0,542.0,2908.0,651,7.365352283347926,17.0,34.31841291714726,-122.4766714763018,INLAND,303105
4683.0,475.0,2596.0,152,8.829938248297731,2.0,39.05562711649691,-122.59866577007337,ISLAND,216129
3443.0,157.0,1966.0,299,2.026326341353432,12.0,35.07702813389844,-124.39837507966105,NEAR OCEAN,483354
4170.0,943.0,934.0,502,5.875858711094018,42.0,34.42174650347471,-124.80562950725023,ISLAND,260462
4899.0,499.0,1303.0,569,7.011395944174737,18.0,32.73003592899627,-123.8695493308524,ISLAND,103024
1570.0,360.0,1825.0,202,6.801118854469727,,39.44028580347677,-123.10582772634004,NEAR OCEAN,452893
680.0,788.0,1789.0,223,4.081516908666981,16.0,39.110009619498115,-120.25917898266977,NEAR OCEAN,225183
2394.0,,410.0,392,0.15394891691308477,49.0,34.34499477674094,-119.38427712571271,NEAR OCEAN,205146
3247.0,595.0,361.0,719,5.829260568042631,18.0,39.493790167241556,-123.45348890009298,INLAND,67824
4349.0,463.0,1542.0,480,2.5310153917960876,,41.17840883093553,-120.32738324323395,<1H OCEAN,443981
1779.0,300.0,505.0,776,4.502542461428903,26.0,33.080289574915795,-121.2407627344148,<1H OCEAN,488655
3606.0,808.0,2290.0,738,9.575810150838173,16.0,34.32636638386775,-122.98233992152248,NEAR OCEAN,409295
2844.0,830.0,441.0,736,3.990353176424347,6.0,39.502607940873155,-124.924751770368,ISLAND,98926
3456.0,190.0,1439.0,899,8.398016066644267,44.0,34.74506673507078,-119.86280346826084,NEAR BAY,217932
4145.0,323.0,343.0,707,1.8854060574925113,43.0,38.24663974283717,-117.4578307580828,NEAR OCEAN,325119
1343.0,465.0,589.0,373,6.724604980250288,47.0,32.81164224463714,-122.51094932441812,ISLAND,387021
3218.0,657.0,111.0,722,9.770069544389434,47.0,36.522024791035385,-123.55012487113653,ISLAND,274749
2241.0,788.0,660.0,688,1.018931008729368,48.0,39.39091421992953,-115.24252981108341,INLAND,390014
3159.0,940.0,141.0,469,0.08319942227192012,42.0,38.86513943043253,-121.97472750263422,INLAND,295453
4648.0,88.0,2825.0,643,4.335827926326143,12.0,40.15072100675807,-122.54026118228069,<1H OCEAN,131371
3059.0,863.0,693.0,534,0.926254830513672,13.0,40.77452126603169,-115.57193366429092,<1H OCEAN,207620
2365.0,78.0,1552.0,708,7.483843496762313,4.0,39.73183501258758,-116.01182190916563,NEAR BAY,413114
2579.0,526.0,1926.0,800,9.14548663848559,39.0,38.71587742938926,-120.06818882422903,NEAR BAY,148066
4746.0,367.0,1793.0,461,4.340209727087588,2.0,32.31722491816031,-119.61837252429449,NEAR BAY,219808
1735.0,294.0,233.0,133,2.5871164215544096,26.0,37.34966673409444,-122.60476424682575,NEAR BAY,111562
1857.0,797.0,1047.0,162,4.344033190066098,27.0,32.37697724914853,-124.13868162472487,ISLAND,352553
4552.0,746.0,172.0,786,7.2344781785000105,27.0,40.08067817116023,-118.69224992108772,ISLAND,321978
2170.0,321.0,498.0,381,0.09054161580370979,,35.20724524459958,-123.91820586250766,<1H OCEAN,152192
2949.0,489.0,1528.0,427,5.894539894846972,8.0,37.62429374117921,-120.05797998347686,INLAND,50840
3351.0,797.0,2725.0,804,6.132916848873791,7.0,34.794453073189025,-114.65453081635688,INLAND,260481
3830.0,288.0,229.0,704,6.376882468959355,,39.82500144380293,-114.51882171912357,NEAR OCEAN,81568
2589.0,426.0,1911.0,90,2.420220799808772,46.0,40.865025266419025,-122.36734484797906,ISLAND,322990
1731.0,315.0,2101.0,819,7.140527233781268,40.0,35.98642494213064,-118.1347523794978,NEAR BAY,186971
2916.0,975.0,365.0,846,0.9139148633177641,12.0,40.62922393510989,-119.78516109481356,NEAR BAY,136038
1115.0,970.0,1660.0,154,1.9927033646680081,13.0,34.67075007456332,-115.36746359655284,NEAR OCEAN,247173
1448.0,408.0,,251,8.77470046654482,43.0,37.346609230755234,-122.01426049296342,INLAND,481989
4711.0,389.0,892.0,499,7.387231507265664,17.0,40.58761429838704,-124.95927352484341,NEAR BAY,179789
3187.0,438.0,2400.0,868,0.1374555401134525,17.0,35.2588134261579,-123.21182673475444,INLAND,419604
2939.0,626.0,2969.0,892,2.4837626036980023,36.0,41.540422650780854,-121.15524918713662,NEAR OCEAN,124723
435.0,,1412.0,315,2.1440648299316454,21.0,33.21879501781384,-121.52706757252463,INLAND,288755
4692.0,52.0,263.0,259,2.7080632803697258,8.0,32.182750697235065,-116.29500788964826,INLAND,416338
995.0,478.0,194.0,612,2.475597702798864,5.0,41.04135352578191,-117.51383267247279,INLAND,423561
3646.0,191.0,1905.0,167,0.6252629574284574,26.0,32.686486661478725,-121.70488048423613,NEAR BAY,447527
951.0,425.0,2980.0,762,4.589405165968204,16.0,41.91889195947492,-119.96481801117166,<1H OCEAN,290822
1787.0,719.0,1233.0,426,7.327334747861651,,41.51396861979106,-123.94884985645831,ISLAND,106888
2031.0,373.0,2483.0,600,6.067317247174364,28.0,33.370209100363205,-115.12038910697889,INLAND,353760
3846.0,,921.0,589,6.728716685980798,29.0,37.375846256925655,-114.71032693106612,INLAND,233206
2527.0,342.0,337.0,820,0.8114917853623915,47.0,33.84920297467144,-114.22216111080968,INLAND,318227
1668.0,714.0,2528.0,133,9.514907101767871,12.0,36.281551730301196,-115.44591886135578,<1H OCEAN,193670
4100.0,481.0,2630.0,503,8.384918338430248,37.0,32.614251292598325,-123.08643023534152,NEAR OCEAN,394620
2838.0,754.0,2060.0,716,8.050903184956628,30.0,34.23924587796589,-124.49183868478208,NEAR BAY,142416
3598.0,998.0,1148.0,678,8.229838050417674,23.0,35.632727963989,-118.62443599846058,<1H OCEAN,314724
4013.0,634.0,1776.0,563,9.327105081327613,16.0,36.38647500246055,-114.96134470428578,INLAND,172834
1166.0,448.0,,654,5.442539661136977,14.0,41.77496258208893,-123.04913502174283,<1H OCEAN,162148
4480.0,866.0,1063.0,727,2.002820178676259,10.0,40.07865645683981,-124.92252793913444,<1H OCEAN,238467
2544.0,938.0,636.0,436,6.167836078525411,7.0,39.37409944311946,-116.1395434936453,<1H OCEAN,354465
4207.0,393.0,1703.0,399,7.42881493667939,45.0,37.37041314741974,-124.15524747284593,NEAR OCEAN,321530
3473.0,189.0,2079.0,345,7.379173933540254,37.0,40.399977606043436,-120.44923364898966,ISLAND,365315
4069.0,236.0,227.0,307,5.214490241668801,29.0,35.39322835655711,-117.53223929092337,NEAR BAY,200594
2646.0,854.0,191.0,130,0.6845871933357806,3.0,39.08899112773316,-122.39522655998202,NEAR OCEAN,246604
853.0,110.0,642.0,317,3.7111293843012785,15.0,41.93783975378172,-124.076411802086,NEAR OCEAN,457851
2182.0,988.0,945.0,468,9.207666084633573,36.0,35.14628908935199,-116.52976648698589,ISLAND,443887
2874.0,429.0,1781.0,284,5.84448909757426,47.0,38.74017534883967,-118.06807406624254,NEAR OCEAN,83545
2996.0,759.0,1951.0,882,5.383319432557134,46.0,40.44314864152383,-114.12660467064515,<1H OCEAN,235151
4285.0,856.0,2594.0,360,2.688535143821935,19.0,41.15807583350672,-121.21261163348045,<1H OCEAN,338999
875.0,489.0,489.0,862,3.684489199165789,13.0,39.17932690940102,-124.32061375080781,INLAND,85790
1725.0,368.0,2819.0,406,8.953460891531693,42.0,34.836079234171365,-116.92214961131175,NEAR OCEAN,101012
3169.0,351.0,1984.0,262,6.664630475268357,21.0,35.26282151568947,-119.2609323926143,INLAND,167827
517.0,393.0,142.0,623,7.873870267523328,37.0,32.20758032123964,-122.65475675471951,NEAR BAY,310123
214.0,60.0,,98,4.543454230676551,27.0,39.60885977671509,-116.40098112094765,<1H OCEAN,64260
716.0,111.0,1183.0,176,6.302472194561579,29.0,32.427396060619515,-122.75868965565061,NEAR BAY,246211
4074.0,894.0,2810.0,272,2.483836087432075,20.0,40.64652354602745,-122.1327217968377,ISLAND,313218
3367.0,275.0,2614.0,328,7.054608302834863,25.0,33.18660614474539,-123.98218590196609,<1H OCEAN,485892
925.0,202.0,2434.0,457,4.276013337033373,6.0,33.71876512135924,-120.60624493066061,NEAR BAY,190547
1616.0,760.0,1640.0,554,4.4254551481474556,36.0,36.76526470832238,-120.39177853668839,ISLAND,259486
3246.0,613.0,2053.0,343,6.493223245768816,2.0,39.378804151687426,-119.33982030616872,NEAR BAY,196192
512.0,821.0,2925.0,845,9.362806214689266,22.0,33.390022051990776,-117.20139306163844,ISLAND,466363
inf,620.0,2492.0,326,0.6400634660862092,32.0,36.400710750664985,-115.03288978451532,ISLAND,314130
3448.0,633.0,741.0,487,8.247432373470076,16.0,36.82851274410105,-123.4849249122341,<1H OCEAN,290201
2908.0,709.0,2529.0,156,2.9238311041219314,18.0,34.12285641668591,-124.40217091816477,INLAND,213502
775.0,910.0,789.0,707,4.439194545063778,5.0,33.155583766806316,-124.79615643046233,ISLAND,288569
3565.0,624.0,1376.0,469,0.21913328775008956,36.0,40.3642092298564,-123.42016484124302,ISLAND,105479
2604.0,359.0,2050.0,660,3.0104607783431305,30.0,37.02465649762765,-117.76255565640211,<1H OCEAN,442977
3067.0,934.0,1179.0,478,5.026312426301304,45.0,32.14381235984153,-116.99775214203854,INLAND,314320
2886.0,292.0,1586.0,424,0.5617607734743901,19.0,40.02981301309104,-116.34843715119065,NEAR OCEAN,134258
1222.0,542.0,556.0,122,4.910957293831651,23.0,41.80793805414585,-122.31920966905223,NEAR OCEAN,289423
4179.0,415.0,1082.0,683,9.271106288584273,34.0,38.05926195414247,-121.63515705412328,INLAND,427332
1671.0,379.0,2230.0,79,1.0539321810780522,13.0,37.0370838708407,-119.6855188987795,NEAR BAY,134153
2243.0,156.0,1222.0,237,7.644407280755043,43.0,40.78415863044962,-124.30498593453751,<1H OCEAN,242990
1787.0,275.0,248.0,413,4.096710533759927,29.0,41.525167896845986,-118.27744324467629,INLAND,309642
4232.0,874.0,1452.0,849,6.55173714524338,36.0,39.5453691590246,-114.17891462956666,NEAR OCEAN,470331
3951.0,267.0,1279.0,500,2.6023659798522933,22.0,36.45452929734288,-121.03113057484197,ISLAND,283984
3540.0,986.0,289.0,244,1.5949226254135829,47.0,37.9222139933144,-116.71867777399478,NEAR OCEAN,127442
3866.0,802.0,982.0,205,1.6046261427122643,36.0,39.00935365017999,-119.49962692873432,ISLAND,352146
2426.0,555.0,2410.0,221,0.7049194564314465,9.0,33.94273571001801,-123.59406971203579,<1H OCEAN,107124
3014.0,308.0,499.0,896,1.8564670490124302,,36.47201032216438,-118.59538806317155,ISLAND,449826
4052.0,,2911.0,90,6.642193849889683,19.0,40.298212647172846,-121.70138304711529,INLAND,361896
695.0,823.0,708.0,112,8.81690611843508,38.0,38.54725348498443,-124.62156470701196,ISLAND,309488
828.0,566.0,1895.0,72,8.141256855911617,6.0,36.11204067211854,-118.01577296870482,NEAR BAY,128947
1465.0,822.0,1738.0,409,6.851343098744841,47.0,38.633625340146814,-115.551744157428,INLAND,431116
4592.0,103.0,1675.0,124,1.1043186341110267,15.0,33.1822241207246,-121.20753256410138,<1H OCEAN,386860
798.0,96.0,2932.0,609,2.8918744629594983,20.0,36.01497610564876,-120.70674898065953,INLAND,491209
495.0,776.0,2248.0,721,3.0980687532246898,9.0,39.931285379630566,-115.19876148736067,NEAR BAY,322217
4271.0,738.0,1482.0,874,2.4995694639762123,32.0,34.20508787136648,-116.05030305295908,<1H OCEAN,349395
4460.0,570.0,1503.0,167,5.150056597097231,4.0,33.859615075574176,-117.13551894093045,NEAR OCEAN,146496
2602.0,148.0,919.0,661,5.355538148796725,18.0,41.50818659916432,-122.26323229871537,NEAR BAY,252509
1919.0,69.0,919.0,429,3.568859751711102,5.0,34.09897629586231,-114.9876167953669,<1H OCEAN,351041
817.0,939.0,519.0,728,3.53789158736436,20.0,34.60918579650168,-123.30142666706865,ISLAND,494122
2882.0,802.0,223.0,339,8.285555979060813,23.0,41.69615938904338,-118.10552428641056,INLAND,363760
3677.0,,521.0,489,7.892928483196856,11.0,39.347085702650254,-124.68318701398829,<1H OCEAN,312037
243.0,940.0,1608.0,717,3.0779583168074565,37.0,38.99596533023528,-117.9190821304256,INLAND,316626
3240.0,539.0,1697.0,56,9.137884438732593,22.0,40.529263838545816,-121.95141212939305,ISLAND,420134
4591.0,468.0,867.0,245,9.52815017002506,4.0,33.15823082236794,-120.05355325097908,<1H OCEAN,272036
3038.0,739.0,2144.0,470,3.267425420300408,29.0,39.05956236580007,-121.20208992737241,NEAR OCEAN,220646
3736.0,899.0,2630.0,617,3.5442494879305486,44.0,37.03688609328239,-123.09967568129169,NEAR BAY,355428
3322.0,111.0,2666.0,882,5.056341534219588,34.0,40.2915064028414,-118.15821130896738,<1H OCEAN,385076
1267.0,194.0,2302.0,242,9.411208125336735,13.0,37.08141718665194,-115.29826889345333,ISLAND,319482
2716.0,265.0,2239.0,608,8.763194331423115,42.0,38.20241354268912,-114.45007333489356,<1H OCEAN,223790
1162.0,52.0,1649.0,197,1.025679625835898,9.0,36.77742126399536,-122.88419000530693,INLAND,193572
2256.0,209.0,2602.0,836,3.927307432714162,42.0,36.78158923555844,-117.10889948530729,<1H OCEAN,192617
3082.0,788.0,1864.0,718,5.533711897497718,31.0,39.679699780618314,-117.6922669673375,NEAR OCEAN,111480
3394.0,830.0,2144.0,251,5.0313247255154,7.0,38.28566400647283,-121.2228443146797,<1H OCEAN,186313
4829.0,169.0,2745.0,493,1.9386306793689267,4.0,38.3326320160941,-124.78990880710901,NEAR BAY,270386
1256.0,942.0,,468,8.588167711681546,19.0,36.502824838315256,-117.41229627955848,<1H OCEAN,466037
832.0,138.0,1306.0,476,6.769407829968373,42.0,37.311094963375275,-114.5995565338455,INLAND,54695
4430.0,378.0,485.0,528,8.379083748518037,30.0,39.45717666204787,-118.04667865892783,<1H OCEAN,258138
4946.0,629.0,1697.0,524,8.587642793494721,31.0,40.25940919111918,-120.21178003393602,NEAR OCEAN,64318
1053.0,959.0,2552.0,175,7.483558536657398,35.0,38.96561402144046,-119.22330716477208,ISLAND,363078
2639.0,406.0,2393.0,444,4.392106012497173,21.0,41.24072988845683,-122.80408311574091,<1H OCEAN,465547
3424.0,659.0,841.0,866,6.105467550154246,31.0,40.20324088147201,-116.74401419870888,<1H OCEAN,433426
3401.0,316.0,2808.0,855,1.6036540611974315,19.0,37.61863789809519,-116.78938186989166,NEAR BAY,233744
1642.0,666.0,,625,6.736454174749077,31.0,38.71406072643737,-123.39930969573832,NEAR OCEAN,141891
1291.0,372.0,2011.0,374,1.7925325573928075,32.0,41.26308276921196,-115.34223779250375,ISLAND,274757
3093.0,684.0,1546.0,441,6.939495905101568,2.0,38.19168044243058,-122.03891286579365,INLAND,118754
2781.0,590.0,1000.0,737,2.2959816075396864,,40.2480694797983,-114.19518332969724,<1H OCEAN,397821
1317.0,698.0,2212.0,677,1.1755130015021997,2.0,38.88810503589987,-120.7880668455903,ISLAND,414464
1640.0,244.0,2360.0,489,1.6528449014295743,2.0,37.519363610604664,-123.0432753539205,INLAND,446053
3336.0,970.0,2109.0,253,0.01992135219070268,24.0,34.41838195415353,-121.13107877519782,NEAR OCEAN,437405
2486.0,787.0,341.0,535,7.187396178535303,17.0,36.25997519468428,-120.15801638433088,NEAR OCEAN,417482
3819.0,381.0,2640.0,882,7.324010490583791,32.0,41.67742824833716,-124.23761449657876,ISLAND,90077
1488.0,219.0,2485.0,80,5.149333499132594,16.0,38.577653832726,-118.63959780654382,INLAND,392059
1956.0,570.0,,437,1.613628010553837,16.0,37.6439538033899,-118.4260431614421,NEAR OCEAN,185311
1465.0,512.0,272.0,674,0.8355433751068975,,41.32956625528227,-116.8717649911558,ISLAND,291504
599.0,89.0,771.0,483,0.1912896643728701,39.0,37.865117810374485,-124.67913118480182,NEAR OCEAN,341813
1780.0,586.0,263.0,886,1.657481769652207,31.0,37.26082518417403,-119.04637964122787,NEAR OCEAN,360768
610.0,310.0,564.0,425,8.908555349831467,43.0,39.593108551502056,-124.4180182340227,NEAR OCEAN,387291
4412.0,444.0,596.0,393,2.4153684170168175,24.0,39.12665618986544,-117.28741358036682,NEAR BAY,185222
1424.0,275.0,799.0,492,3.542713272172157,1.0,33.93160008408433,-124.38699215728917,INLAND,192181
1255.0,173.0,2542.0,628,1.0534548448133318,11.0,36.71308274574121,-114.97099366824204,ISLAND,280822
1927.0,87.0,802.0,124,2.223613047481703,21.0,36.72515442819585,-117.27709176427054,ISLAND,207088
3241.0,377.0,2040.0,606,5.192245707802051,4.0,35.78224515243345,-119.41871258406327,INLAND,193008
3586.0,300.0,2455.0,821,6.077526830956526,7.0,37.17293482152253,-120.14345684390707,INLAND,192108
1910.0,950.0,1891.0,715,2.4535231416621106,26.0,36.13107397727144,-123.56260106545412,INLAND,482452
3023.0,225.0,282.0,204,0.5773215922511721,47.0,33.99345489471183,-121.7990067147887,INLAND,195093
2314.0,651.0,728.0,479,3.9103286912739863,12.0,36.12366487274681,-115.44144984477015,<1H OCEAN,349087
4286.0,963.0,2657.0,412,2.342033709263341,31.0,32.722769475731766,-115.05101907281257,ISLAND,163694
813.0,503.0,1831.0,497,2.195539232298019,17.0,37.75785862774411,-124.99177520792416,<1H OCEAN,284456
3702.0,86.0,645.0,283,9.598628027134552,33.0,40.53654548941112,-118.46449969374693,NEAR OCEAN,262079
4234.0,365.0,1687.0,612,6.16300485925724,11.0,39.25287084354555,-117.08769330072376,NEAR OCEAN,294269
3622.0,737.0,723.0,867,5.5687844317209585,28.0,35.60394040054111,-118.19378319296634,ISLAND,493232
4368.0,845.0,,311,4.157751035233219,32.0,32.87071205577308,-124.10152258647011,NEAR OCEAN,466460
4848.0,642.0,843.0,876,4.289443334301443,1.0,34.02149399225271,-122.60502611321208,INLAND,295385
4949.0,163.0,1868.0,174,5.4090500383808084,47.0,37.454903404948354,-122.24625705880476,<1H OCEAN,173351
1343.0,89.0,1559.0,294,6.964298070361073,28.0,34.07057083383033,-115.85102905564402,INLAND,351129
3809.0,350.0,2048.0,591,7.021460961818295,42.0,37.43973111284967,-119.90480620060188,NEAR OCEAN,444718
inf,273.0,2701.0,534,1.7169390770544957,7.0,34.31599024763899,-119.6448896686464,<1H OCEAN,365980
555.0,367.0,2168.0,171,5.0011275207662695,2.0,40.48923869476073,-114.71617648790041,INLAND,411858
994.0,398.0,2701.0,174,4.119580950341019,42.0,35.9727147284046,-117.99205522259813,ISLAND,53770
1484.0,164.0,2544.0,598,8.705269662693842,24.0,34.45550625944491,-115.1146552829207,INLAND,355009
2058.0,747.0,2772.0,219,6.314189212183764,4.0,40.123261802470616,-119.97840259124314,NEAR OCEAN,103811
3172.0,372.0,204.0,173,5.325040664159818,44.0,35.428389648054505,-123.35620115629877,<1H OCEAN,316145
2096.0,617.0,2339.0,84,1.1539464217891737,19.0,33.11487687838782,-114.77070846518505,ISLAND,110848
4385.0,89.0,116.0,136,6.056378893234115,26.0,37.70409491403642,-119.95424372765709,<1H OCEAN,102635
604.0,915.0,492.0,695,1.1720390568023342,11.0,37.815642044379885,-123.00205435933296,ISLAND,70946
1314.0,89.0,524.0,757,3.3720657556575206,40.0,39.14695675235734,-121.67364685665686,<1H OCEAN,145852
1631.0,908.0,2276.0,835,1.4284196481433187,43.0,34.40219433208386,-124.44117151342164,NEAR OCEAN,403247
3540.0,798.0,671.0,250,6.920736470243689,11.0,36.437713390922454,-119.84869349397977,ISLAND,355888
923.0,338.0,2176.0,418,2.062521138361526,45.0,34.82367919042656,-115.61559010898739,NEAR BAY,167729
1028.0,311.0,1220.0,846,3.91859373188026,3.0,32.809537361156885,-114.73061498392642,<1H OCEAN,220231
233.0,265.0,341.0,126,8.956747776187786,12.0,40.76613827015892,-114.74137571745992,<1H OCEAN,335815
2205.0,196.0,2379.0,108,2.043163833989703,3.0,39.28869804488341,-123.62246971808379,INLAND,197522
3727.0,385.0,888.0,480,5.078050639587791,42.0,35.014630594588006,-120.79740729237837,ISLAND,458124
4880.0,217.0,814.0,687,4.19271661166022,27.0,37.993729928719866,-124.68948364384222,NEAR BAY,487574
1952.0,141.0,858.0,549,0.18124041045729733,49.0,34.01263788134472,-115.5931812053138,NEAR OCEAN,492263
4275.0,402.0,2949.0,158,7.927581135728127,2.0,40.902366217957706,-121.05368661776599,INLAND,478734
3033.0,620.0,875.0,785,0.6904590631459973,49.0,33.149063433619105,-118.05771269318542,NEAR BAY,369957
3384.0,620.0,2873.0,327,4.7425502097695365,16.0,32.03837145507801,-117.13611718114983,ISLAND,146748
4398.0,865.0,2347.0,117,5.606782949389499,2.0,37.020081977391825,-120.2717086328253,NEAR BAY,289292
2911.0,730.0,178.0,118,6.284264566145871,30.0,37.831278234528696,-121.62913429794733,<1H OCEAN,450022
1350.0,830.0,955.0,214,6.886316293078756,20.0,37.78965320295804,-114.4156579887246,<1H OCEAN,154733
3612.0,412.0,2614.0,538,2.532723835227151,38.0,32.545119274378266,-114.3906295247376,INLAND,484107
1356.0,606.0,2728.0,354,0.09978776658449373,28.0,35.14043806918433,-121.81619995166976,ISLAND,176865
3476.0,394.0,1539.0,723,7.2344366235491195,25.0,36.991989468413315,-119.72412393581097,ISLAND,395695
3586.0,742.0,2596.0,414,5.356565993475786,32.0,34.165791856272406,-114.29871425473975,NEAR BAY,441479
3684.0,219.0,2234.0,870,8.361177032072488,10.0,40.72625885485896,-124.94644751578946,INLAND,351364
1496.0,405.0,2248.0,428,8.213883629006943,42.0,32.87109289461434,-120.46053926782936,ISLAND,329302
3737.0,240.0,1131.0,392,8.433261677878832,40.0,36.87384441672043,-123.89496695350935,<1H OCEAN,393136
3430.0,716.0,944.0,603,4.850946599795401,33.0,38.91416057513152,-119.39926237881137,NEAR BAY,470804
2803.0,471.0,186.0,403,3.3362839583686563,13.0,34.61751100134482,-124.72863050005463,NEAR OCEAN,112576
570.0,749.0,2190.0,465,7.9155820259137,,38.24240736997518,-120.5241172547031,<1H OCEAN,400171
1453.0,56.0,507.0,158,4.51294113029255,42.0,40.293851501423745,-122.57231017736132,INLAND,205260
2883.0,182.0,2811.0,612,1.834421964034345,47.0,33.903369750950475,-119.13360801295386,ISLAND,273687
2931.0,796.0,1768.0,811,8.549740195614744,37.0,41.17220591824863,-114.0440698598923,<1H OCEAN,370974
457.0,606.0,247.0,546,8.825598767723474,16.0,37.53558532662358,-116.19410284360578,NEAR OCEAN,185091
3119.0,875.0,2424.0,390,4.663097561401701,45.0,34.99232004301061,-115.69793699213136,NEAR OCEAN,62419
767.0,810.0,331.0,432,0.7569972730978747,22.0,36.308582753822705,-118.01208513905011,INLAND,83697
4568.0,80.0,2050.0,582,3.8782608991693124,20.0,35.12191883786388,-124.54284166900516,<1H OCEAN,397076
1245.0,584.0,465.0,349,8.035376594626033,43.0,39.25111159933316,-122.72522556351441,NEAR BAY,431856
4285.0,475.0,1774.0,188,9.017740285462287,27.0,39.96300663415132,-114.8242898790824,<1H OCEAN,145428
3819.0,443.0,535.0,408,2.0347274249759586,41.0,40.32937392318661,-120.97275570278373,NEAR OCEAN,189045
2845.0,721.0,498.0,885,0.6697361202527152,16.0,41.85768249585741,-123.85999600871125,INLAND,289073
639.0,412.0,1334.0,548,8.773504531328387,34.0,39.91284292496684,-117.27354097547178,INLAND,136649
2879.0,486.0,1514.0,434,3.894049389788753,32.0,38.01384070688563,-121.7059650367232,NEAR BAY,434793
4236.0,719.0,2646.0,653,5.417609642675632,26.0,35.39220298391784,-122.0425739580541,INLAND,323280
4935.0,600.0,,329,9.680658120507589,25.0,37.44595448710749,-114.02224798885914,INLAND,396883
3875.0,976.0,662.0,686,0.6656472791422285,2.0,32.410681727904056,-115.56047182470681,INLAND,374646
2608.0,131.0,2589.0,532,6.483180074520956,12.0,39.44825075529913,-120.51268399795374,INLAND,212357
2879.0,405.0,1384.0,160,0.7410542257486707,40.0,36.459555450921016,-114.2171267140185,INLAND,335183
1024.0,,872.0,188,3.7546892846650035,9.0,32.200232297321875,-117.84875454238865,NEAR OCEAN,378864
3056.0,767.0,2497.0,484,8.038145451934467,12.0,32.62506941510411,-116.83775302932264,<1H OCEAN,173168
1681.0,638.0,2137.0,558,4.334722327556344,26.0,35.87466463821757,-124.65335652609568,ISLAND,138263
3424.0,573.0,2667.0,322,9.971823539029504,9.0,37.83421519018435,-123.66234214717137,INLAND,109155
4585.0,344.0,1443.0,148,5.590592849466022,10.0,36.64203948952127,-118.03606360854138,ISLAND,66911
355.0,273.0,2285.0,813,3.2116215263595347,32.0,38.19204317292155,-115.11073619085568,ISLAND,50916
4904.0,574.0,1673.0,899,2.2011132590475313,,36.802942587913556,-118.13881901303645,NEAR OCEAN,371196
1938.0,95.0,1091.0,153,3.5052053428616183,48.0,38.61703845481347,-123.5257261624911,INLAND,282695
2044.0,716.0,2515.0,263,3.725332737595508,20.0,34.19126064670801,-123.72663949129043,ISLAND,329934
109.0,162.0,1346.0,810,0.6871367772396098,39.0,33.12843187183621,-115.7139551459351,INLAND,448422
2971.0,282.0,459.0,713,3.6957419942677316,2.0,37.964339546256596,-123.46767427421294,NEAR BAY,171937
897.0,66.0,1020.0,811,4.642385197392249,1.0,36.84689516936307,-119.27744843445572,NEAR BAY,135053
1115.0,409.0,2476.0,836,7.227377522388046,,32.268676540449356,-124.59175348041468,NEAR BAY,362094
1924.0,272.0,,214,6.56729484721608,24.0,35.80481885493036,-124.11263255869704,ISLAND,428355
4569.0,915.0,,569,7.087656552291542,27.0,33.06125585490995,-117.60416905592848,NEAR BAY,368505
3236.0,749.0,1927.0,333,0.08363681876857099,2.0,37.31356831752695,-117.41900448529732,NEAR OCEAN,373595
2293.0,497.0,2983.0,566,2.1766739958053605,31.0,35.95777679660431,-121.24383652730714,NEAR OCEAN,349840
323.0,905.0,1713.0,706,6.616842883998565,14.0,38.13151911103018,-122.62829258232651,ISLAND,152395
4258.0,414.0,1740.0,662,4.839893681797472,2.0,40.05602218770238,-116.04918702166961,INLAND,436265
4025.0,724.0,2316.0,213,0.05313475668345946,29.0,34.99668683841491,-122.61186447583121,<1H OCEAN,358872
4884.0,375.0,316.0,708,8.044946424318223,15.0,41.62102104165027,-119.03770223366982,INLAND,367545
4100.0,516.0,477.0,113,7.728095732903374,12.0,37.356345005875745,-114.34970275050804,INLAND,247298
1733.0,463.0,218.0,140,5.484191629935626,37.0,38.18290798754788,-123.37362318351377,INLAND,75103
2252.0,504.0,289.0,166,0.6646332577627212,28.0,38.80672373225737,-114.6503610575582,INLAND,477479
610.0,635.0,2914.0,316,7.665150495325847,20.0,38.6673152985759,-122.98817641624464,<1H OCEAN,307777
484.0,282.0,469.0,871,5.8371358773136395,39.0,37.10970743045062,-118.75812471174447,NEAR BAY,362188
504.0,273.0,1901.0,734,7.8195997715795915,24.0,36.28764291114683,-120.8529151684538,INLAND,107730
4713.0,880.0,2296.0,608,7.517469923958404,21.0,32.53781964177378,-114.38578538347991,NEAR OCEAN,75825
4671.0,461.0,751.0,189,8.03002071957837,10.0,32.2208584530118,-121.99103768097869,ISLAND,257328
2100.0,621.0,1982.0,295,5.1800806640462485,46.0,35.57961194532765,-120.6037619770567,ISLAND,87271
2856.0,384.0,1611.0,710,1.40324518193515,14.0,35.33660890633693,-114.18853870359038,NEAR OCEAN,127256
1768.0,271.0,869.0,807,6.711574733796887,37.0,35.87695154839007,-119.0988256969268,INLAND,489948
1560.0,86.0,2521.0,444,6.204737850519706,18.0,33.3836820088819,-119.47106872816622,<1H OCEAN,116433
3736.0,327.0,880.0,536,7.422531871990872,24.0,39.38168270536843,-122.1644366297561,NEAR BAY,263702
2824.0,245.0,1816.0,525,1.698810060507353,14.0,40.56964414776239,-117.28500083658514,ISLAND,151999
4909.0,965.0,2307.0,566,1.9497519990028922,34.0,41.38714635374035,-124.84189753044444,NEAR BAY,282062
4278.0,913.0,2498.0,233,8.904095172193285,12.0,36.92362303519626,-124.45536107327477,<1H OCEAN,73572
2148.0,533.0,,69,7.499777984520708,22.0,39.008656991254284,-118.40705554150617,ISLAND,88546
4246.0,291.0,1349.0,607,9.08228488700323,6.0,40.555511234358725,-121.241579687997,NEAR BAY,458366
4880.0,373.0,622.0,573,7.587153211639207,36.0,36.18291111093486,-114.51351990578944,<1H OCEAN,366309
816.0,780.0,621.0,631,5.971553059903019,45.0,35.09412794870445,-115.06490240204936,NEAR BAY,375834
4644.0,241.0,882.0,578,6.5413273702787365,36.0,41.367245558534904,-117.14923115455622,INLAND,496880
4683.0,66.0,2420.0,196,8.891279239400099,22.0,37.15676551077073,-116.00039860759418,<1H OCEAN,256271
1923.0,573.0,1035.0,715,5.7880675451194055,14.0,36.97253886590878,-117.65934965365537,NEAR BAY,86948
2181.0,967.0,2330.0,353,6.323913243283874,16.0,33.78416096563496,-123.61859687018823,INLAND,480246
3519.0,450.0,1788.0,669,1.5647671600360058,36.0,33.081550145733566,-116.57902293341877,INLAND,339151
1674.0,955.0,587.0,797,4.739212201161028,25.0,40.421068624835115,-122.68788834409268,<1H OCEAN,150819
349.0,935.0,1950.0,869,7.16397111958099,32.0,38.14133176187518,-121.44212859389783,NEAR OCEAN,403351
773.0,754.0,945.0,631,2.709426983163654,33.0,35.25824584019449,-115.98842366687337,ISLAND,388916
4633.0,71.0,2271.0,744,2.022541805245349,45.0,33.91736217390267,-119.09821830767207,<1H OCEAN,72024
2265.0,523.0,2937.0,811,3.1382680822441555,36.0,37.554972801696316,-115.5406521439825,INLAND,293480
870.0,169.0,2561.0,277,2.4150062799283347,20.0,37.83919289261135,-122.6566114817241,INLAND,482600
4062.0,259.0,2103.0,151,2.1491263703639585,18.0,34.06993601245058,-118.31443717532424,<1H OCEAN,132912
4463.0,355.0,1848.0,636,4.24850842868087,38.0,40.51405747891474,-124.07829930196912,NEAR OCEAN,305233
2084.0,319.0,785.0,466,9.07838513883534,3.0,32.84264366155851,-117.92632907105967,ISLAND,283746
1177.0,753.0,2260.0,265,5.070596467387183,23.0,35.56093085166422,-116.61212558446911,NEAR BAY,461373
335.0,736.0,2269.0,456,1.8792038081532303,32.0,38.80384413762522,-118.56576016623406,<1H OCEAN,311139
488.0,334.0,1667.0,448,0.7697166938087407,45.0,34.741203638192005,-122.07145348351308,ISLAND,397625
3137.0,765.0,1345.0,764,6.961561451379252,16.0,40.27675194781272,-124.65523064255247,ISLAND,400697
4958.0,725.0,138.0,753,3.827987644363878,5.0,39.39867826600403,-123.68606227639286,INLAND,182828
1948.0,,2644.0,810,8.218309465853594,4.0,39.89022844548134,-118.15466723018571,NEAR BAY,281749
4819.0,276.0,879.0,548,6.595107686407702,21.0,33.19106535876716,-114.72137761473235,<1H OCEAN,152488
2914.0,997.0,1356.0,803,7.962414505413685,40.0,33.40547127995543,-122.72812155630793,INLAND,146741
3474.0,430.0,2296.0,514,2.7194603941844875,14.0,34.864737377445834,-116.91471235984392,INLAND,239123
3378.0,509.0,2808.0,740,6.9235892246105815,39.0,37.18077165197561,-115.46903830426055,NEAR OCEAN,281773
1352.0,56.0,2027.0,780,2.640619846937188,31.0,39.480160766994025,-119.27029603707737,ISLAND,390354
4081.0,78.0,401.0,131,9.390684794502915,14.0,40.365308907609034,-117.63807624571976,<1H OCEAN,224166
4773.0,956.0,2385.0,653,6.363742815333744,6.0,39.04335315957181,-116.03483151656238,<1H OCEAN,268961
2222.0,82.0,746.0,736,3.245118001753421,12.0,41.28596881530638,-122.13257326485348,<1H OCEAN,447751
4630.0,695.0,762.0,800,2.6951186229227266,16.0,39.3874350961593,-121.73414758305152,INLAND,499251
2250.0,928.0,2383.0,821,1.909265850716435,17.0,35.06267887004615,-124.99309731708698,NEAR OCEAN,97367
4959.0,128.0,1859.0,414,6.946409588937278,45.0,34.65081284338572,-114.40596456012418,NEAR BAY,288544
1429.0,977.0,2350.0,212,2.187156129979273,23.0,38.9619245030109,-114.90700615944021,INLAND,460334
1458.0,996.0,355.0,97,5.953032659274891,14.0,33.928705686896144,-116.58974909864627,NEAR BAY,109884
2582.0,508.0,697.0,560,2.646350269253573,,32.9271481081027,-124.13016376925687,NEAR OCEAN,194352
4642.0,619.0,,378,6.619689447938686,,37.32222874856194,-120.07746821330541,ISLAND,457962
2117.0,587.0,334.0,889,8.149397285405392,32.0,40.21641569778956,-123.87919070631293,<1H OCEAN,414716
1431.0,531.0,1468.0,165,7.780252431446532,15.0,33.013798424698635,-124.82487706010922,NEAR BAY,103251
4444.0,479.0,2681.0,898,7.608513309307817,44.0,39.91891323795729,-118.22198738266142,INLAND,134821
inf,787.0,869.0,386,1.8772240569225207,17.0,40.11572004351548,-114.43087641211793,NEAR BAY,133583
1458.0,334.0,2688.0,786,0.8838494698451871,41.0,36.822740000815436,-115.06845174224635,ISLAND,294697
4737.0,565.0,312.0,889,6.989488284873856,47.0,32.573103100104866,-117.33569703571055,<1H OCEAN,60207
4954.0,148.0,562.0,196,3.683472137943513,,33.74589851247186,-123.93695357418642,NEAR BAY,252199
3277.0,446.0,2583.0,624,4.3234622640334734,34.0,39.07426275161932,-121.9841955856047,ISLAND,77757
2228.0,538.0,382.0,855,0.31149092793391064,5.0,39.11777944990949,-121.4793760042618,INLAND,459442
2280.0,88.0,1586.0,372,2.595764492750492,45.0,40.983552751676655,-116.60534936479883,NEAR OCEAN,470422
4992.0,320.0,1530.0,492,0.3367640387446402,27.0,37.82686146554583,-116.17525902841375,INLAND,201328
237.0,936.0,187.0,886,8.791857726012477,23.0,33.24107367713778,-120.76383264711087,<1H OCEAN,345966
3572.0,846.0,1167.0,62,2.4339668321853045,40.0,33.214149055049724,-120.4032760372063,INLAND,312070
2932.0,206.0,560.0,543,5.5733716957300805,14.0,39.21132357356824,-124.51040056796211,INLAND,91340
3679.0,124.0,2425.0,750,0.3897932066113041,15.0,33.83784665107901,-121.81949609739362,INLAND,292955
3131.0,933.0,2568.0,336,6.66847391305658,43.0,35.283854996166056,-120.03586305104596,INLAND,495450
4264.0,849.0,1824.0,769,3.230273457540939,33.0,36.872120069219136,-123.71318648976217,<1H OCEAN,355495
2693.0,,1476.0,163,8.979191869576658,31.0,32.24764877576151,-120.01405793169477,ISLAND,418455
4400.0,736.0,2843.0,529,8.881181889340358,35.0,34.48819027019932,-115.6150660651642,NEAR BAY,491887
3918.0,133.0,,71,3.252906183617478,17.0,36.0788960850728,-118.6054687830244,NEAR OCEAN,125320
4238.0,,802.0,398,9.009608956904678,28.0,34.79636318493206,-124.13177159457746,NEAR BAY,414709
3923.0,508.0,1753.0,775,9.961576734987789,19.0,33.36370327467566,-122.89161549286698,NEAR BAY,478373
4142.0,588.0,2166.0,732,8.254156641239481,46.0,39.280122577961976,-119.78001214825588,NEAR OCEAN,332081
2006.0,756.0,122.0,884,8.448713477552289,23.0,40.13147655167985,-121.02364135196007,<1H OCEAN,497506
860.0,898.0,2560.0,615,2.4900873610908993,32.0,34.574789761437245,-121.05400278499292,NEAR OCEAN,489923
3545.0,431.0,1153.0,859,5.767023988577563,40.0,39.74419494606303,-119.1780580704205,<1H OCEAN,323363
999.0,797.0,1930.0,369,0.6725591396736785,13.0,35.85553564401314,-118.57164486251597,NEAR BAY,59399
4555.0,489.0,2255.0,175,0.9491793682166971,20.0,37.06685790854003,-116.2345227269619,<1H OCEAN,176733
3047.0,653.0,1404.0,326,9.988926120332906,35.0,40.56001074893153,-121.24936780191267,ISLAND,279920
1819.0,70.0,1234.0,253,3.2663924942591094,5.0,39.499536818024076,-116.13987088655355,NEAR OCEAN,470873
380.0,352.0,2283.0,243,7.481839120488464,9.0,40.05116851316178,-121.27527647976105,ISLAND,332191
3366.0,918.0,461.0,730,8.066650530268165,29.0,33.36845166586357,-124.39023712164642,NEAR BAY,281615
1987.0,133.0,2276.0,713,8.580232710072291,6.0,32.6971942583373,-118.90393583894729,NEAR OCEAN,135693
3366.0,823.0,1999.0,596,9.976282974021565,25.0,40.934047290879874,-118.53307442615704,NEAR BAY,150931
766.0,708.0,1384.0,745,2.414964852568678,31.0,35.87834269571094,-114.72005729815953,ISLAND,225963
4288.0,502.0,614.0,335,0.40350826859699707,22.0,34.87879678069681,-117.01332541331278,NEAR BAY,187852
771.0,436.0,548.0,106,4.11191517994586,2.0,39.24696254261825,-114.90450082256116,NEAR OCEAN,339194
2069.0,556.0,2023.0,783,1.3008066982894695,45.0,40.36415596579857,-115.0081806873269,NEAR OCEAN,123551
4256.0,306.0,1606.0,352,0.22425889162055124,5.0,40.62489621898301,-118.34968478715933,NEAR BAY,380810
3222.0,619.0,1347.0,212,3.604268271414861,27.0,35.15997141125227,-119.19461728129907,NEAR OCEAN,274691
4799.0,941.0,1955.0,68,7.837382510752365,25.0,40.52212391201674,-118.8681493612004,NEAR OCEAN,132016
inf,983.0,973.0,419,5.661806912250709,8.0,32.409339443743455,-114.23836111555028,NEAR BAY,163135
4000.0,576.0,2620.0,313,3.1277798921035407,1.0,32.49661491459719,-116.49515539078345,ISLAND,103010
623.0,211.0,,843,6.543420054927197,20.0,38.23519195174154,-123.83107504728365,NEAR OCEAN,282084
2493.0,212.0,2449.0,162,2.320181803088107,44.0,32.63106369115546,-116.4372875254046,NEAR OCEAN,88165
3217.0,881.0,2378.0,537,0.14381446072085025,23.0,35.24609168510162,-123.12408146211952,NEAR OCEAN,323672
2693.0,842.0,1854.0,376,7.643533864364274,32.0,38.72755986246924,-120.07914396093811,NEAR OCEAN,432984
2068.0,841.0,,591,6.237430848640091,11.0,35.37266896054226,-122.68494360605813,NEAR BAY,230680
1853.0,573.0,2259.0,696,7.6230262450096,39.0,33.79599781440096,-117.41458627913447,ISLAND,449130
2396.0,835.0,1136.0,628,0.3893801668766561,47.0,34.813506218538414,-115.3495929018766,ISLAND,87136
2361.0,320.0,1516.0,114,8.371196278306522,24.0,36.57575332250432,-121.80601926096651,<1H OCEAN,454395
2386.0,541.0,2647.0,341,6.195262000363034,11.0,36.75385855355482,-124.09788184670994,NEAR OCEAN,398152
4302.0,,2745.0,74,5.633953507126401,29.0,39.83000231347202,-121.7165759211754,NEAR OCEAN,62076
2978.0,588.0,2381.0,598,6.246140481145316,26.0,39.501532294315126,-117.60401956274586,<1H OCEAN,436055
4243.0,633.0,2749.0,50,8.644332468683642,16.0,36.56817804556135,-121.38363859690105,ISLAND,205855
3744.0,109.0,413.0,598,5.86936506558907,35.0,40.45667349098771,-121.94076615690817,INLAND,428769
4532.0,479.0,2713.0,190,5.809503798881793,20.0,33.14237138591396,-122.97121290357309,INLAND,227788
2155.0,706.0,2356.0,793,9.906791570657658,46.0,34.553533502289014,-119.52731930438124,ISLAND,100298
4820.0,654.0,2097.0,697,7.56730167068568,3.0,40.27976463502252,-121.96456289027094,NEAR OCEAN,366448
1376.0,358.0,1137.0,237,4.422938054511353,1.0,35.77994038626153,-116.95888615946569,INLAND,391504
2866.0,,1756.0,177,7.073970000329277,47.0,41.811815587938426,-124.15715357808577,NEAR BAY,119835
402.0,640.0,2734.0,250,3.892304716917885,1.0,36.662532815278354,-117.69563663577551,NEAR BAY,162424
738.0,76.0,1878.0,176,2.28875462483499,17.0,39.91935622963764,-122.38683983975453,<1H OCEAN,189190
155.0,735.0,1114.0,306,5.968518768877594,2.0,36.02307041382372,-119.61792812843237,ISLAND,304394
4921.0,611.0,1193.0,725,9.281820981139514,29.0,36.2495351906243,-121.85301085765613,ISLAND,369055
625.0,248.0,1224.0,596,9.291395200154627,20.0,35.828831472841834,-117.04954456388126,INLAND,153088
4669.0,436.0,797.0,243,3.419052781054903,6.0,39.190756205108116,-114.60162255723199,NEAR OCEAN,65185
4223.0,398.0,2279.0,752,5.276774662216949,8.0,37.475178840599945,-114.91215542583205,ISLAND,485008
2225.0,989.0,1504.0,153,2.116358985698612,29.0,41.43778111368369,-118.582311633415,INLAND,100613
3387.0,742.0,1255.0,584,9.956311094988834,48.0,34.508903165341046,-119.91128666417323,INLAND,291084
464.0,585.0,1143.0,314,9.811179078679357,33.0,33.00562732083444,-115.9986943961668,ISLAND,214999
4721.0,877.0,2029.0,851,6.495089297074474,3.0,35.93261485099215,-117.48341001109497,INLAND,312530
1746.0,427.0,,433,8.044140596774733,35.0,38.16712707646776,-122.98079474361374,<1H OCEAN,342164
1018.0,948.0,1113.0,309,7.151001612837,5.0,40.60798936915495,-115.96988865025699,<1H OCEAN,92678
2897.0,,326.0,463,5.931582190394682,27.0,35.461968866803275,-120.28227171665819,ISLAND,267767
1631.0,607.0,1928.0,407,0.533479969888977,44.0,38.53786751124461,-122.92115774031707,NEAR OCEAN,111394
3445.0,576.0,1592.0,124,4.54764342552661,12.0,35.50198681023219,-121.90022914563858,<1H OCEAN,250017
2006.0,,921.0,404,6.747863021674105,20.0,38.172195829944584,-122.05720266726823,<1H OCEAN,165377
3186.0,783.0,2123.0,633,6.775316138836846,45.0,40.84807947030651,-119.28872327936193,ISLAND,171716
4680.0,255.0,970.0,820,3.7312261842238357,20.0,34.31357642259409,-122.42192900254337,NEAR BAY,237486
2175.0,504.0,2552.0,237,9.416919866580306,9.0,36.04241642107039,-123.64076863858266,INLAND,498032
813.0,322.0,,734,1.67357032236781,39.0,41.93265196429746,-123.63940064324863,<1H OCEAN,105918
1162.0,943.0,2185.0,339,5.003594462155606,4.0,40.68557028249461,-118.58396183146994,NEAR BAY,292556
2076.0,285.0,1895.0,94,6.908839765508228,19.0,37.64639857896202,-116.91764782265683,NEAR OCEAN,427784
1396.0,901.0,287.0,622,6.971358058918092,38.0,37.16627591854275,-121.46313690277825,NEAR BAY,210527
225.0,789.0,1180.0,132,6.486389567688155,27.0,34.84600382304681,-124.61884219204582,ISLAND,416590
4732.0,570.0,1040.0,172,2.7528821345186016,45.0,37.1720942769353,-123.60052624369288,NEAR OCEAN,219807
3696.0,,2420.0,407,1.5620656868662197,43.0,40.48181498279947,-114.93835983629238,NEAR OCEAN,144702
3383.0,993.0,2730.0,577,6.3594032682671084,13.0,38.85174513277781,-119.57101974451602,NEAR BAY,155509
1703.0,880.0,2663.0,115,5.993021161394378,13.0,34.900440281779865,-120.01069909423308,ISLAND,405752
166.0,775.0,625.0,706,1.7935601028924097,22.0,34.01463921053533,-124.581459038589,<1H OCEAN,164310
332.0,550.0,435.0,424,7.051391455705634,28.0,34.65208536996829,-116.98499275451411,NEAR BAY,455325
2256.0,166.0,2845.0,211,4.551719917336564,47.0,33.697592013928265,-119.19125110974713,<1H OCEAN,357946
1269.0,435.0,1178.0,795,6.6776059160315295,45.0,32.95640696023716,-122.77710970304827,NEAR BAY,249092
2258.0,393.0,2647.0,429,8.373670797701507,22.0,36.19136174442055,-123.78918863800837,<1H OCEAN,84622
4306.0,633.0,2913.0,705,1.6972842857692316,43.0,33.13299604398268,-120.78273350004801,NEAR BAY,159935
1593.0,444.0,2683.0,407,0.1914486799683668,19.0,33.71912557727104,-115.79121839385472,NEAR OCEAN,310440
4818.0,113.0,261.0,237,7.791025863957868,8.0,37.47324684339486,-115.48175984878873,INLAND,167919
4107.0,766.0,693.0,371,6.096974251526159,8.0,33.645992736995744,-118.368689815648,NEAR OCEAN,445813
2572.0,770.0,2038.0,499,6.996395696221217,42.0,32.63879767430903,-116.99709930046843,<1H OCEAN,483813
2760.0,121.0,,523,8.381549749886425,26.0,35.17388850027885,-123.73328633856842,ISLAND,222026
2839.0,838.0,159.0,62,8.028109348245005,48.0,34.203190986219674,-118.5306132798536,NEAR OCEAN,119519
1861.0,323.0,2001.0,233,9.609201469288246,26.0,37.15305187994377,-117.663377261641,INLAND,237187
3614.0,369.0,2358.0,160,5.359350788521182,23.0,33.02367084583209,-122.79215872794829,<1H OCEAN,486367
2075.0,387.0,505.0,557,4.884956326599053,43.0,39.51770787682978,-115.31829793798715,NEAR OCEAN,306587
2462.0,415.0,763.0,339,4.018871998907301,,41.062335194351384,-122.85503588726878,NEAR BAY,198112
976.0,544.0,,344,1.5369104284420454,28.0,39.43435173956195,-121.55174904168905,ISLAND,94772
inf,,1199.0,500,5.726072328820225,9.0,37.32827037401394,-118.17387468274195,<1H OCEAN,172431
3548.0,215.0,641.0,264,2.7701252432597876,20.0,40.60667821788885,-117.97814928356196,NEAR OCEAN,408234
1412.0,593.0,1437.0,681,9.213075122129755,19.0,38.949183797815074,-117.30676784913896,<1H OCEAN,244904
1560.0,60.0,1097.0,616,5.8319080427709755,48.0,32.105511224501896,-123.76787115624974,NEAR BAY,208988
2809.0,350.0,1240.0,76,5.928401805081101,39.0,35.940901527745034,-115.65589127078589,INLAND,357015
2424.0,778.0,967.0,679,3.5492466087701002,12.0,40.509518994068,-119.13868154488414,NEAR OCEAN,338516
1833.0,850.0,2166.0,782,0.5198935197770749,15.0,35.45858857975269,-119.81546026484425,<1H OCEAN,89080
1705.0,151.0,531.0,280,0.3174376537298862,31.0,32.352151735255234,-114.2079261303514,<1H OCEAN,156242
2663.0,474.0,839.0,614,4.233351441531975,14.0,39.461796385522725,-116.85583873364878,<1H OCEAN,354866
3521.0,441.0,1473.0,856,0.8456537809723785,,40.020382702828684,-123.70193370718688,INLAND,79048
3617.0,828.0,282.0,370,6.068469555401391,26.0,33.60593695043308,-116.67806916051136,<1H OCEAN,135205
2497.0,263.0,2260.0,282,8.809730056396575,42.0,37.373404968431814,-123.95226172629843,ISLAND,452993
3835.0,740.0,1306.0,719,8.829148165187222,27.0,33.919554389957256,-124.69782381235717,ISLAND,366855
2970.0,137.0,2628.0,486,6.590454101322324,11.0,39.19234419044147,-120.56011515203113,<1H OCEAN,217403
1260.0,602.0,1269.0,830,2.1123183147293103,38.0,34.715504551774856,-114.07064009898859,ISLAND,306392
4954.0,450.0,930.0,582,8.629968313588721,34.0,35.1621512256333,-123.07627670185651,NEAR OCEAN,70968
342.0,637.0,1751.0,452,8.860934353132082,43.0,40.44970853640101,-117.6009122212053,ISLAND,497185
2690.0,938.0,1236.0,102,1.966535849529587,19.0,36.76322352206904,-123.09264327173268,<1H OCEAN,284417
1163.0,95.0,2910.0,836,7.374260857706773,,38.697544512182475,-117.02734327545775,NEAR BAY,61292
4424.0,721.0,575.0,362,2.8651954892712297,46.0,36.02373050722468,-119.44110964938392,NEAR OCEAN,301942
2695.0,512.0,2910.0,330,8.026403123529297,38.0,34.98006857193755,-117.52031118901687,INLAND,484010
1019.0,641.0,1426.0,775,9.972378999036026,49.0,38.25478060424661,-122.76839506494342,<1H OCEAN,391603
105.0,359.0,1070.0,80,0.30026005329392813,42.0,33.548575740788216,-116.79808834227448,INLAND,299004
567.0,135.0,1119.0,386,8.973658657909318,28.0,35.72999835566863,-114.04819034415023,NEAR BAY,362336
4270.0,141.0,1241.0,232,6.226305335986581,1.0,34.09037037385922,-117.67784449311445,INLAND,470919
103.0,709.0,1936.0,72,9.733826191648213,,38.957949669407455,-119.57172002119835,<1H OCEAN,134193
745.0,722.0,260.0,593,4.650095175264276,40.0,41.442088383461076,-114.84508612518809,<1H OCEAN,119165
217.0,763.0,2548.0,495,8.473879305713737,8.0,41.955109680158664,-124.82562973544935,NEAR BAY,379794
3028.0,985.0,297.0,123,0.6239406859827723,47.0,36.50276810441591,-116.97084128785596,<1H OCEAN,499732
2651.0,977.0,1383.0,59,3.352790500782957,7.0,34.52530389636445,-115.22378831504805,NEAR BAY,442002
4389.0,291.0,759.0,533,0.6701653775120997,11.0,36.42829370384324,-124.32157958016947,NEAR BAY,151398
946.0,,1875.0,505,9.753431334790704,,40.47269409962724,-120.04929412542666,<1H OCEAN,272182
2862.0,51.0,1170.0,615,8.169739072718368,4.0,34.0600567855204,-122.74808600655001,ISLAND,410029
1241.0,274.0,2110.0,613,8.525474212459706,25.0,41.52095651652924,-118.76830017853386,NEAR BAY,203329
1910.0,850.0,498.0,709,9.379652314338943,12.0,35.41865768798151,-117.85502745535973,<1H OCEAN,150588
823.0,794.0,1833.0,209,0.8510348611978535,26.0,41.85803659450305,-121.67114498778369,ISLAND,415500
324.0,975.0,1682.0,63,3.8559759251333334,38.0,40.386088875339624,-119.9402016335409,NEAR BAY,302822
4727.0,978.0,,227,0.7103488904400213,46.0,40.085705341473904,-121.92726566195785,ISLAND,395653
4308.0,638.0,2271.0,461,2.107931015500286,12.0,35.17904673773283,-120.93669719099375,NEAR OCEAN,272345
4754.0,,174.0,102,2.293657770376724,43.0,32.0877721194793,-123.24506047642734,NEAR OCEAN,363816
2148.0,715.0,2284.0,457,4.691072110475787,37.0,35.82132908825988,-115.25884612055805,ISLAND,258655
4849.0,967.0,701.0,896,2.685621674536426,46.0,35.018093696626934,-124.8898854838495,NEAR BAY,334257
4515.0,152.0,936.0,71,1.009781068177611,24.0,32.37396990408797,-115.29349894911833,<1H OCEAN,312838
1673.0,243.0,1628.0,79,1.674910890941077,16.0,37.053652565059295,-118.71153233815288,INLAND,65588
1928.0,215.0,599.0,752,1.4727556355209093,13.0,36.030313112827365,-121.35176371405281,<1H OCEAN,242828
2017.0,920.0,1696.0,309,9.730767979122984,25.0,38.34556467741525,-117.04637161993637,INLAND,292431
4334.0,139.0,237.0,254,7.592925069184736,4.0,38.21186322194083,-119.4147263295107,INLAND,295456
2126.0,735.0,2197.0,108,9.67761465269562,11.0,33.2074663589668,-119.50980476081632,NEAR BAY,242214
3844.0,171.0,1894.0,520,4.397404865079086,32.0,41.769655461266225,-123.78843488789137,ISLAND,114373
1001.0,192.0,1072.0,825,2.783684816626566,49.0,33.86931429441447,-120.7153237146005,<1H OCEAN,397747
4885.0,155.0,1742.0,515,7.982931972091867,7.0,36.45274024764704,-122.3482921955759,ISLAND,56704
2139.0,936.0,1985.0,61,3.262539180411468,46.0,36.88117543433735,-124.82734503844092,NEAR OCEAN,90136
109.0,477.0,2401.0,680,2.9938337370534827,11.0,40.1306279721412,-121.03890406139675,NEAR BAY,117507
360.0,354.0,2128.0,339,2.325059922078312,28.0,32.992295960946464,-124.01195657631835,NEAR BAY,97361
1773.0,921.0,2857.0,899,1.2967897822423535,41.0,36.28644279208532,-122.17486958502296,NEAR OCEAN,370991
2319.0,366.0,2000.0,809,2.5646306101676597,23.0,38.28502170236204,-123.98231716698596,<1H OCEAN,418503
2160.0,684.0,2710.0,403,3.553197484738877,45.0,34.15155621624056,-123.8896421188796,NEAR OCEAN,192513
3813.0,951.0,2904.0,688,6.739942081457304,23.0,38.27467898766073,-122.81087576143292,<1H OCEAN,431050
1719.0,58.0,,124,0.6256484221945158,28.0,41.23664837549653,-114.0016583106496,INLAND,64677
420.0,823.0,646.0,765,2.1050693966534295,43.0,41.97518131172675,-124.97597442857027,NEAR BAY,339962
inf,122.0,1021.0,610,8.090236402916764,47.0,32.32451076790676,-117.97460100267554,<1H OCEAN,314012
2476.0,408.0,680.0,640,1.4692192358377076,26.0,34.35588228244678,-123.44631932170788,ISLAND,133591
2932.0,272.0,1472.0,490,3.4264514652252154,25.0,35.10307115791697,-114.87309049618146,ISLAND,436106
2924.0,465.0,2056.0,290,8.6465892185814,29.0,35.99126100444966,-123.97003817333008,NEAR BAY,379408
2094.0,,2103.0,203,1.5492531114344266,19.0,34.42257157584768,-114.4943049416114,NEAR OCEAN,123168
3058.0,419.0,2196.0,835,0.827368356181899,33.0,34.03487994555312,-118.27980973768175,NEAR OCEAN,193115
2138.0,765.0,803.0,145,4.845379950800108,36.0,41.545538424175,-124.98605115392961,<1H OCEAN,121939
3590.0,313.0,2408.0,775,3.024195112785364,14.0,41.18521602770518,-115.16592082291513,NEAR OCEAN,327876
3777.0,889.0,2503.0,343,5.634083644838541,14.0,32.469925010031176,-119.2611701849639,NEAR BAY,367388
1218.0,739.0,1725.0,258,8.038048904834751,35.0,35.38813021604848,-122.11063291136468,<1H OCEAN,461742
1704.0,909.0,737.0,392,1.3714848815274316,30.0,36.051485536784064,-116.55992904732807,INLAND,321484
4127.0,367.0,2890.0,137,5.80699084554285,28.0,34.39014534665943,-114.80667890724443,NEAR OCEAN,285560
335.0,133.0,1109.0,867,5.055087603898639,17.0,38.28872896988175,-119.67940094538527,NEAR OCEAN,334538
2069.0,367.0,740.0,825,1.4407878601319957,3.0,38.40380746644241,-121.52891178112579,<1H OCEAN,410701
4529.0,160.0,2939.0,439,6.2399848552898245,16.0,40.505042283285974,-116.3216036367158,ISLAND,185174
2008.0,300.0,2759.0,374,2.7364041786077165,46.0,39.40869268385218,-117.500359524327,NEAR OCEAN,69159
475.0,432.0,1961.0,881,4.878343185440125,30.0,37.42573326965956,-115.22372267874701,NEAR BAY,172366
3630.0,56.0,2956.0,206,0.8227232427706188,29.0,38.5358677004442,-117.38234585962688,NEAR OCEAN,246164
2735.0,508.0,1305.0,717,4.595840572136231,45.0,34.73988781543018,-122.3211882721051,INLAND,318356
1670.0,133.0,785.0,700,3.0646346804282034,15.0,37.93056189967358,-114.75174825265078,NEAR OCEAN,349549
2660.0,257.0,1951.0,682,8.223812111853544,46.0,36.89227254749919,-123.8468067807341,ISLAND,442776
3491.0,,287.0,626,0.5697872699736828,25.0,33.333444673163704,-122.05262974882467,NEAR OCEAN,389205
3065.0,439.0,1719.0,668,4.1860727491833,,34.42544276582971,-119.27785931503726,<1H OCEAN,406440
3743.0,363.0,1787.0,708,4.58431424131438,42.0,34.91693450721586,-118.77683771322009,NEAR OCEAN,367330
3950.0,,1084.0,186,7.250060762991187,47.0,41.24309567052558,-124.83158354710405,ISLAND,487455
972.0,459.0,647.0,723,5.74287575090211,38.0,34.3038663938589,-116.41370001596965,<1H OCEAN,291876
1352.0,944.0,2872.0,477,6.672123371941811,23.0,34.892439028196684,-121.02231949732071,NEAR BAY,274065
1414.0,564.0,1531.0,501,7.770492856517562,25.0,35.693541300894324,-120.52939604897648,<1H OCEAN,435289
4920.0,,975.0,661,8.622029736581888,42.0,38.63742738625387,-116.0969350111936,INLAND,60532
2998.0,858.0,717.0,899,3.1387549672247053,7.0,33.18238392472141,-120.82788269099701,<1H OCEAN,260126
177.0,749.0,2561.0,868,5.38022705363903,22.0,41.53945212493776,-124.4805263585577,NEAR BAY,266351
2721.0,923.0,1465.0,190,8.401080784391999,17.0,40.65571220094765,-123.05916252482615,NEAR OCEAN,378684
4327.0,63.0,1343.0,132,9.894511309650564,18.0,37.7721607300895,-114.48506510373,<1H OCEAN,153021
700.0,61.0,1002.0,226,8.895193110437631,49.0,38.74037867424957,-124.22554101357234,<1H OCEAN,315415
1165.0,136.0,262.0,247,3.714672626243768,41.0,32.16660471244216,-121.09575678935182,<1H OCEAN,488698
2236.0,573.0,2074.0,673,1.9516651721865041,10.0,35.38944775348449,-119.46502916243521,<1H OCEAN,50209
2549.0,958.0,369.0,617,4.893925374065887,10.0,39.95660230661442,-119.57391089927584,NEAR BAY,272071
2443.0,586.0,731.0,740,7.416414518360423,7.0,32.77482973792386,-124.95644062686642,ISLAND,186611
1963.0,350.0,1005.0,470,4.925690707532976,48.0,34.8231383421072,-119.48720995396761,ISLAND,332121
1418.0,292.0,2114.0,450,4.831808633136685,38.0,37.85296828334312,-120.7785029622485,<1H OCEAN,255214
4811.0,171.0,1741.0,747,8.382304210818006,27.0,34.56413027698942,-114.30712730977987,NEAR BAY,159920
3697.0,196.0,304.0,520,3.6140377906718637,33.0,41.33977974144519,-123.24925007606787,NEAR BAY,440300
3862.0,616.0,681.0,267,8.597946748116456,1.0,33.3105863080429,-121.10430383564555,<1H OCEAN,411732
4770.0,799.0,1679.0,877,4.068048009517236,44.0,39.97394357907778,-120.38570366401198,INLAND,380828
2290.0,405.0,,778,3.282331056783394,34.0,37.07948691906408,-120.70237109188956,<1H OCEAN,280144
1092.0,734.0,1936.0,681,4.53989911199699,4.0,39.50330775819956,-117.67586089582952,INLAND,436006
2812.0,953.0,,224,7.624469586748685,17.0,35.10715328311447,-122.62935856697455,<1H OCEAN,317751
2292.0,,1819.0,72,1.2600202786399428,4.0,37.14489602312039,-122.56821291904609,INLAND,266194
1348.0,680.0,1742.0,774,1.9641921587201738,43.0,40.56835349723176,-116.97867956649061,INLAND,406930
3154.0,358.0,2743.0,284,9.514448256630919,26.0,36.668780991231046,-119.49680429454003,<1H OCEAN,438550
4698.0,744.0,2397.0,62,1.7549162738135737,4.0,35.5971986191027,-120.43328756336959,INLAND,233011
4133.0,,974.0,150,5.6772731793105455,1.0,37.36155386252736,-123.13876643155022,NEAR OCEAN,199666
2097.0,356.0,1564.0,585,5.793144666619378,7.0,39.17362753036367,-122.93720054796617,ISLAND,57399
3787.0,861.0,2343.0,572,4.896244620502448,30.0,36.43563345498503,-124.8839319950251,NEAR BAY,176812
2251.0,643.0,789.0,834,6.447452485768186,9.0,41.38876975142273,-123.9943110425212,INLAND,468333
4118.0,963.0,2110.0,501,2.2982672579761845,35.0,34.94945824042342,-118.87477435840735,INLAND,148662
3210.0,772.0,2786.0,480,5.526622677767482,8.0,36.7546360616912,-115.18939556990749,NEAR BAY,345761
2070.0,711.0,1522.0,842,3.7217325524689713,,39.569276593414415,-121.84118758356387,INLAND,188570
297.0,598.0,2101.0,655,6.61667259629189,19.0,38.89121090495758,-121.39478051514259,NEAR BAY,414970
2726.0,401.0,771.0,762,1.4122354337314946,36.0,40.63641052417156,-123.72833828327336,<1H OCEAN,298304
1302.0,361.0,1271.0,582,5.708774168394762,43.0,41.96809180681109,-120.72505959832186,NEAR OCEAN,441995
2135.0,922.0,1595.0,772,1.852703553833237,27.0,36.2685832879509,-124.59056124973738,NEAR OCEAN,423221
577.0,108.0,1043.0,701,2.786430631150364,32.0,33.11150879783312,-114.9063923411191,ISLAND,362768
1354.0,692.0,2346.0,342,2.1870980032358323,14.0,32.30415880807968,-117.59577517063019,INLAND,321772
1022.0,973.0,1549.0,859,1.828377798688171,18.0,39.26876906139772,-114.10176309667459,ISLAND,443545
519.0,763.0,2639.0,150,8.25710951560667,28.0,40.74013671308715,-115.28894521053657,<1H OCEAN,350763
2304.0,804.0,995.0,551,2.857075676608903,29.0,34.20712585944419,-119.79710346932032,NEAR OCEAN,57032
2697.0,84.0,2289.0,353,9.271237818644494,16.0,33.58448037189906,-119.28346465734586,<1H OCEAN,229166
1220.0,494.0,1436.0,589,9.699265253451909,35.0,32.62205091525691,-122.90366348831087,<1H OCEAN,350178
3168.0,142.0,264.0,602,5.712604699370973,47.0,40.22702921717206,-119.91756722876488,INLAND,152658
1050.0,999.0,2461.0,404,1.430011226657264,31.0,35.11381939892584,-115.06669339157907,<1H OCEAN,433267
2436.0,256.0,2168.0,352,3.7454824337958126,4.0,36.016968927597766,-124.44061234000597,NEAR OCEAN,398302
2343.0,402.0,1205.0,545,7.9773226334821405,37.0,37.02750191609612,-115.50087516701859,ISLAND,105264
2745.0,952.0,1853.0,707,3.673907286970705,17.0,40.39453234209551,-121.2495741819313,NEAR OCEAN,144120
1957.0,381.0,2452.0,817,0.8701721830278875,39.0,38.50833221561485,-115.1053595839406,INLAND,97850
4712.0,866.0,2038.0,276,5.567849109281879,48.0,38.15064629857811,-114.65032103024367,NEAR OCEAN,54722
1965.0,911.0,,285,8.451208514960348,46.0,33.75672099955911,-117.62048624297904,NEAR BAY,329916
3012.0,,1980.0,504,7.959263871435024,26.0,37.1318989170983,-117.69133834748054,ISLAND,398249
2953.0,208.0,952.0,62,1.7512314013035324,48.0,39.15381017178655,-120.01970228520386,NEAR BAY,484895
3328.0,73.0,483.0,259,6.727646144124667,39.0,41.73260883030492,-115.80905753001922,NEAR BAY,54576
3819.0,453.0,2031.0,790,2.205042634356471,41.0,34.014063092133526,-114.42225965723388,INLAND,207779
3328.0,854.0,2592.0,446,2.1820753455217226,4.0,32.09543353067227,-116.47410019626969,<1H OCEAN,411548
2471.0,565.0,524.0,149,8.740717733051852,30.0,32.753014335984695,-118.1586959286762,NEAR BAY,484848
2991.0,781.0,2308.0,80,2.4966895274023013,,35.75852465181979,-118.3252781459653,NEAR OCEAN,91476
3856.0,413.0,728.0,577,2.632473465180112,22.0,40.20544647745987,-115.65583108257971,<1H OCEAN,298292
4325.0,431.0,994.0,698,0.006533907612995549,,32.07142081768245,-119.04675857651571,NEAR OCEAN,473501
194.0,581.0,2637.0,378,8.706690341255177,2.0,36.5673059288584,-116.15754125126296,NEAR OCEAN,336298
2774.0,201.0,2474.0,215,7.925948132091348,44.0,35.292306153413946,-119.4022621930833,<1H OCEAN,463270
2055.0,611.0,697.0,508,6.27328935090678,12.0,32.524817100997275,-124.31311297528683,<1H OCEAN,329309
893.0,738.0,2436.0,871,7.502657639388422,30.0,36.50236286672617,-120.77658290205429,NEAR OCEAN,64439
1934.0,996.0,692.0,149,1.520485674244918,36.0,34.547487073367186,-120.11114946561351,INLAND,430355
2216.0,657.0,1787.0,670,4.583235945875755,18.0,35.51884834347006,-123.44221030514721,ISLAND,94518
4206.0,666.0,672.0,222,3.512193873487809,26.0,39.056153047842926,-123.87254037891866,ISLAND,269123
3425.0,469.0,2175.0,798,0.9377652625701649,7.0,37.21550983910967,-119.10988555377351,INLAND,76962
3019.0,299.0,2190.0,211,4.861304852149241,1.0,33.24647428992813,-124.0634199978831,<1H OCEAN,497150
2697.0,166.0,1804.0,777,9.207396503426354,26.0,41.61414540423639,-121.66760315320907,NEAR OCEAN,289157
3305.0,915.0,2570.0,825,0.4005911905069448,23.0,38.35910765709738,-116.80943326440617,ISLAND,349907
4907.0,561.0,276.0,312,2.9146091349379386,26.0,39.658684256625314,-114.3912460247522,NEAR OCEAN,166189
914.0,789.0,628.0,853,2.0754093620570346,45.0,32.792131500083705,-117.10342361392878,INLAND,160290
445.0,627.0,1733.0,323,2.381466536656963,6.0,32.47058379460019,-114.08111896701843,NEAR OCEAN,422958
2449.0,384.0,1065.0,52,9.084345518793754,6.0,32.194480503680815,-117.31828231592657,INLAND,331608
462.0,467.0,1617.0,77,4.6806905423429015,44.0,33.887940277734444,-121.7682608228024,<1H OCEAN,485252
2543.0,981.0,297.0,375,4.662994129398188,8.0,36.14408397718495,-117.60742205444102,INLAND,173980
2365.0,823.0,2757.0,198,7.605756424552823,24.0,41.35826133402823,-117.27627558283406,INLAND,277021
2288.0,344.0,2989.0,589,1.544922040049258,22.0,36.570596592657765,-120.91100316921893,ISLAND,214342
3105.0,987.0,952.0,537,4.872653541000508,19.0,34.9025510537253,-124.80514764329672,NEAR OCEAN,92299
3381.0,804.0,1637.0,871,4.2998521412105974,37.0,37.61935253519663,-117.26480236746964,ISLAND,266877
1084.0,420.0,2169.0,487,5.969106905466561,18.0,33.119345781347896,-124.76129895196904,NEAR BAY,81541
1739.0,235.0,1180.0,114,9.995577032504386,31.0,38.09505891004983,-118.05693114133922,INLAND,385689
927.0,295.0,2989.0,405,7.694488940820471,,37.68431954330504,-123.20021862383189,NEAR BAY,273070
2830.0,686.0,197.0,582,3.978657030174272,,39.9199303340571,-118.77836119477152,ISLAND,179188
3631.0,317.0,,301,8.27553052274047,42.0,41.86687611617024,-119.4569567208134,NEAR OCEAN,258150
4551.0,692.0,534.0,284,1.7070836331248018,33.0,34.508734717161104,-124.851349934632,ISLAND,341909
3035.0,286.0,736.0,276,0.30463686308960125,10.0,37.09656450803761,-121.00847601305387,NEAR OCEAN,335913
3976.0,579.0,687.0,574,2.0444837246427303,,41.088654063190035,-118.38799715864067,NEAR OCEAN,269073
226.0,601.0,443.0,362,3.4041155611425964,12.0,39.851898844228415,-115.66532792911342,<1H OCEAN,70156
3277.0,70.0,1417.0,98,5.105807574595599,30.0,36.87406303100808,-115.22493674779831,INLAND,266908
3156.0,960.0,2079.0,167,6.151291405411998,27.0,41.45371649614778,-119.67765032963455,ISLAND,493697
703.0,786.0,670.0,103,9.106057172144217,39.0,32.57236693516809,-116.98735263970619,NEAR OCEAN,194507
inf,,710.0,699,5.0985400955045765,9.0,41.30998619712584,-121.51899965813196,ISLAND,250722
4246.0,843.0,1827.0,614,5.012756446257294,21.0,32.505073923828064,-121.23594953665477,ISLAND,227408
3633.0,569.0,2390.0,93,0.5024300982298213,12.0,37.473047441146846,-122.86090128899455,NEAR OCEAN,479351
3467.0,,,864,0.3491155265622381,29.0,40.904409480010855,-118.81857079007438,NEAR BAY,123631
3468.0,801.0,2708.0,102,5.511599619163721,33.0,34.627209435613025,-121.53979433979899,INLAND,350053
3897.0,527.0,1059.0,635,4.381786132483445,43.0,36.72248498945159,-124.07192013917644,INLAND,119487
1892.0,648.0,2179.0,607,8.391803949802986,15.0,35.243288791369665,-117.46493304670503,<1H OCEAN,464684
2961.0,347.0,2538.0,574,1.6067958471184518,2.0,41.521439170763514,-117.21471471634062,<1H OCEAN,359799
3576.0,989.0,2424.0,726,0.24971662117049598,39.0,40.23645594753091,-121.04008339343036,<1H OCEAN,477557
3517.0,575.0,631.0,151,4.490387679301259,44.0,39.090015113263796,-124.15604260598374,INLAND,292735
1745.0,383.0,1277.0,841,2.374785567522575,18.0,37.87626986615109,-120.31072510856231,NEAR BAY,245254
1305.0,51.0,2530.0,819,0.4961437333883745,3.0,40.20591789324148,-120.13430996144763,INLAND,101786
3130.0,424.0,1191.0,898,7.24598286847629,7.0,35.92267041523547,-117.64462026612318,INLAND,118304
2972.0,342.0,2001.0,447,1.1159299995724747,43.0,36.47551855106062,-121.53041969615448,INLAND,415750
3172.0,886.0,983.0,187,6.083195000077717,18.0,39.30001721080861,-117.49140792240564,INLAND,227586
1954.0,983.0,2361.0,724,2.8104975016688916,44.0,35.57754763293714,-115.41362604066873,NEAR BAY,170938
4121.0,602.0,1778.0,436,1.7349605035502202,38.0,32.63900942048374,-122.3876535340158,<1H OCEAN,477195
4762.0,367.0,2523.0,160,3.7975152291931744,37.0,32.74334608886071,-114.2318848826811,ISLAND,393125
2808.0,551.0,2891.0,663,8.014457762229537,33.0,33.15362801305704,-120.74995049149513,<1H OCEAN,105107
3602.0,877.0,2360.0,66,3.9209357690457267,44.0,40.69681323343663,-122.06015446338232,<1H OCEAN,295191
1432.0,430.0,2226.0,829,7.507696492110557,31.0,36.722264257562045,-120.3633769923868,ISLAND,182232
301.0,672.0,1849.0,231,1.2548629679915069,11.0,39.128823693447366,-123.96162776505754,INLAND,400041
3607.0,63.0,2775.0,585,7.727714196650791,4.0,35.92909335604893,-123.61723502836672,NEAR BAY,122577
4312.0,553.0,2751.0,590,2.3693332490664867,18.0,34.58710947415634,-120.44122548334835,NEAR BAY,265375
674.0,280.0,881.0,220,6.773931298888728,4.0,35.47192167562212,-116.6131102586699,<1H OCEAN,454062
636.0,133.0,2827.0,458,5.657815548409964,,39.941823453171835,-115.0965653646806,ISLAND,310933
1725.0,179.0,2205.0,789,9.291447172116873,34.0,38.25216125031438,-117.68700210212101,NEAR OCEAN,154180
2222.0,792.0,980.0,427,3.87322517975314,29.0,41.376397799579024,-123.84258489238013,INLAND,332068
485.0,887.0,546.0,237,0.6616518883444045,24.0,38.79704778576834,-117.60778261601412,<1H OCEAN,423337
3381.0,194.0,2213.0,279,0.19155485551252904,22.0,37.70181631754694,-118.01029287226731,NEAR BAY,194954
574.0,940.0,1883.0,882,8.26858560972753,2.0,38.101960089858345,-116.13659689877335,ISLAND,261346
517.0,906.0,,168,5.247356376614322,44.0,41.42371439468415,-115.92226466682601,ISLAND,51095
3700.0,77.0,2091.0,205,7.752440518349493,6.0,39.88200929866706,-115.44976616643123,<1H OCEAN,416349
1054.0,115.0,1167.0,833,2.3442560001151467,42.0,32.24041237366438,-120.44455333962992,NEAR OCEAN,222055
4958.0,212.0,1677.0,736,3.450837455132337,25.0,37.34139696135697,-117.32349165112642,NEAR BAY,64123
1305.0,278.0,1111.0,514,0.3010387221131894,21.0,38.883384115465645,-122.04924605185458,<1H OCEAN,247687
4859.0,310.0,,153,9.614923245741121,16.0,39.48698478439155,-114.00730092018145,NEAR OCEAN,357422
4220.0,498.0,873.0,653,6.678679067008134,31.0,34.13142119313937,-123.07132334485453,ISLAND,410055
2090.0,,2826.0,747,9.332050877593062,14.0,40.67177354451352,-124.8887412517308,INLAND,101999
4905.0,509.0,1914.0,844,2.6549640742907235,39.0,41.55843147175164,-123.36310414030007,NEAR BAY,343297
3672.0,,2748.0,551,6.114636112256608,28.0,34.3671530584487,-116.46540481501461,NEAR BAY,330488
4480.0,350.0,,742,6.784999682926378,32.0,40.82615457517246,-120.08537955840967,NEAR OCEAN,280849
4258.0,968.0,1301.0,731,3.1754970025758844,28.0,32.969787625160954,-120.07749727408529,<1H OCEAN,87656
4857.0,352.0,1550.0,748,8.4810923501563,49.0,32.55706836115245,-114.49474788427165,ISLAND,251587
2813.0,336.0,2856.0,224,9.471614629002477,9.0,33.29223800102749,-114.88401601169119,NEAR OCEAN,310587
